meeting_date,year,month,day,weekday_korean,status_at_download,source_url
2008-01-10,2008,1,10,목,held,https://www.bok.or.kr/portal/singl/crncyPolicyDrcMtg/listYear.do?mtgSe=A&menuNo=200755&pYear=2008
2008-02-13,2008,2,13,수,held,https://www.bok.or.kr/portal/singl/crncyPolicyDrcMtg/listYear.do?mtgSe=A&menuNo=200755&pYear=2008
2008-03-07,2008,3,7,금,held,https://www.bok.or.kr/portal/singl/crncyPolicyDrcMtg/listYear.do?mtgSe=A&menuNo=200755&pYear=2008
2008-04-10,2008,4,10,목,held,https://www.bok.or.kr/portal/singl/crncyPolicyDrcMtg/listYear.do?mtgSe=A&menuNo=200755&pYear=2008
2008-05-08,2008,5,8,목,held,https://www.bok.or.kr/portal/singl/crncyPolicyDrcMtg/listYear.do?mtgSe=A&menuNo=200755&pYear=2008
2008-06-12,2008,6,12,목,held,https://www.bok.or.kr/portal/singl/crncyPolicyDrcMtg/listYear.do?mtgSe=A&menuNo=200755&pYear=2008
2008-07-10,2008,7,10,목,held,https://www.bok.or.kr/portal/singl/crncyPolicyDrcMtg/listYear.do?mtgSe=A&menuNo=200755&pYear=2008
2008-08-07,2008,8,7,목,held,https://www.bok.or.kr/portal/singl/crncyPolicyDrcMtg/listYear.do?mtgSe=A&menuNo=200755&pYear=2008
2008-09-11,2008,9,11,목,held,https://www.bok.or.kr/portal/singl/crncyPolicyDrcMtg/listYear.do?mtgSe=A&menuNo=200755&pYear=2008
2008-10-09,2008,10,9,목,held,https://www.bok.or.kr/portal/singl/crncyPolicyDrcMtg/listYear.do?mtgSe=A&menuNo=200755&pYear=2008
2008-10-27,2008,10,27,월,held,https://www.bok.or.kr/portal/singl/crncyPolicyDrcMtg/listYear.do?mtgSe=A&menuNo=200755&pYear=2008
2008-11-07,2008,11,7,금,held,https://www.bok.or.kr/portal/singl/crncyPolicyDrcMtg/listYear.do?mtgSe=A&menuNo=200755&pYear=2008
2008-12-11,2008,12,11,목,held,https://www.bok.or.kr/portal/singl/crncyPolicyDrcMtg/listYear.do?mtgSe=A&menuNo=200755&pYear=2008
2009-01-09,2009,1,9,금,held,https://www.bok.or.kr/portal/singl/crncyPolicyDrcMtg/listYear.do?mtgSe=A&menuNo=200755&pYear=2009
2009-02-12,2009,2,12,목,held,https://www.bok.or.kr/portal/singl/crncyPolicyDrcMtg/listYear.do?mtgSe=A&menuNo=200755&pYear=2009
2009-03-12,2009,3,12,목,held,https://www.bok.or.kr/portal/singl/crncyPolicyDrcMtg/listYear.do?mtgSe=A&menuNo=200755&pYear=2009
2009-04-09,2009,4,9,목,held,https://www.bok.or.kr/portal/singl/crncyPolicyDrcMtg/listYear.do?mtgSe=A&menuNo=200755&pYear=2009
2009-05-12,2009,5,12,화,held,https://www.bok.or.kr/portal/singl/crncyPolicyDrcMtg/listYear.do?mtgSe=A&menuNo=200755&pYear=2009
2009-06-11,2009,6,11,목,held,https://www.bok.or.kr/portal/singl/crncyPolicyDrcMtg/listYear.do?mtgSe=A&menuNo=200755&pYear=2009
2009-07-09,2009,7,9,목,held,https://www.bok.or.kr/portal/singl/crncyPolicyDrcMtg/listYear.do?mtgSe=A&menuNo=200755&pYear=2009
2009-08-11,2009,8,11,화,held,https://www.bok.or.kr/portal/singl/crncyPolicyDrcMtg/listYear.do?mtgSe=A&menuNo=200755&pYear=2009
2009-09-10,2009,9,10,목,held,https://www.bok.or.kr/portal/singl/crncyPolicyDrcMtg/listYear.do?mtgSe=A&menuNo=200755&pYear=2009
2009-10-09,2009,10,9,금,held,https://www.bok.or.kr/portal/singl/crncyPolicyDrcMtg/listYear.do?mtgSe=A&menuNo=200755&pYear=2009
2009-11-12,2009,11,12,목,held,https://www.bok.or.kr/portal/singl/crncyPolicyDrcMtg/listYear.do?mtgSe=A&menuNo=200755&pYear=2009
2009-12-10,2009,12,10,목,held,https://www.bok.or.kr/portal/singl/crncyPolicyDrcMtg/listYear.do?mtgSe=A&menuNo=200755&pYear=2009
2010-01-08,2010,1,8,금,held,https://www.bok.or.kr/portal/singl/crncyPolicyDrcMtg/listYear.do?mtgSe=A&menuNo=200755&pYear=2010
2010-02-11,2010,2,11,목,held,https://www.bok.or.kr/portal/singl/crncyPolicyDrcMtg/listYear.do?mtgSe=A&menuNo=200755&pYear=2010
2010-03-11,2010,3,11,목,held,https://www.bok.or.kr/portal/singl/crncyPolicyDrcMtg/listYear.do?mtgSe=A&menuNo=200755&pYear=2010
2010-04-09,2010,4,9,금,held,https://www.bok.or.kr/portal/singl/crncyPolicyDrcMtg/listYear.do?mtgSe=A&menuNo=200755&pYear=2010
2010-05-12,2010,5,12,수,held,https://www.bok.or.kr/portal/singl/crncyPolicyDrcMtg/listYear.do?mtgSe=A&menuNo=200755&pYear=2010
2010-06-10,2010,6,10,목,held,https://www.bok.or.kr/portal/singl/crncyPolicyDrcMtg/listYear.do?mtgSe=A&menuNo=200755&pYear=2010
2010-07-09,2010,7,9,금,held,https://www.bok.or.kr/portal/singl/crncyPolicyDrcMtg/listYear.do?mtgSe=A&menuNo=200755&pYear=2010
2010-08-12,2010,8,12,목,held,https://www.bok.or.kr/portal/singl/crncyPolicyDrcMtg/listYear.do?mtgSe=A&menuNo=200755&pYear=2010
2010-09-09,2010,9,9,목,held,https://www.bok.or.kr/portal/singl/crncyPolicyDrcMtg/listYear.do?mtgSe=A&menuNo=200755&pYear=2010
2010-10-14,2010,10,14,목,held,https://www.bok.or.kr/portal/singl/crncyPolicyDrcMtg/listYear.do?mtgSe=A&menuNo=200755&pYear=2010
2010-11-16,2010,11,16,화,held,https://www.bok.or.kr/portal/singl/crncyPolicyDrcMtg/listYear.do?mtgSe=A&menuNo=200755&pYear=2010
2010-12-09,2010,12,9,목,held,https://www.bok.or.kr/portal/singl/crncyPolicyDrcMtg/listYear.do?mtgSe=A&menuNo=200755&pYear=2010
2011-01-13,2011,1,13,목,held,https://www.bok.or.kr/portal/singl/crncyPolicyDrcMtg/listYear.do?mtgSe=A&menuNo=200755&pYear=2011
2011-02-11,2011,2,11,금,held,https://www.bok.or.kr/portal/singl/crncyPolicyDrcMtg/listYear.do?mtgSe=A&menuNo=200755&pYear=2011
2011-03-10,2011,3,10,목,held,https://www.bok.or.kr/portal/singl/crncyPolicyDrcMtg/listYear.do?mtgSe=A&menuNo=200755&pYear=2011
2011-04-12,2011,4,12,화,held,https://www.bok.or.kr/portal/singl/crncyPolicyDrcMtg/listYear.do?mtgSe=A&menuNo=200755&pYear=2011
2011-05-13,2011,5,13,금,held,https://www.bok.or.kr/portal/singl/crncyPolicyDrcMtg/listYear.do?mtgSe=A&menuNo=200755&pYear=2011
2011-06-10,2011,6,10,금,held,https://www.bok.or.kr/portal/singl/crncyPolicyDrcMtg/listYear.do?mtgSe=A&menuNo=200755&pYear=2011
2011-07-14,2011,7,14,목,held,https://www.bok.or.kr/portal/singl/crncyPolicyDrcMtg/listYear.do?mtgSe=A&menuNo=200755&pYear=2011
2011-08-11,2011,8,11,목,held,https://www.bok.or.kr/portal/singl/crncyPolicyDrcMtg/listYear.do?mtgSe=A&menuNo=200755&pYear=2011
2011-09-08,2011,9,8,목,held,https://www.bok.or.kr/portal/singl/crncyPolicyDrcMtg/listYear.do?mtgSe=A&menuNo=200755&pYear=2011
2011-10-13,2011,10,13,목,held,https://www.bok.or.kr/portal/singl/crncyPolicyDrcMtg/listYear.do?mtgSe=A&menuNo=200755&pYear=2011
2011-11-11,2011,11,11,금,held,https://www.bok.or.kr/portal/singl/crncyPolicyDrcMtg/listYear.do?mtgSe=A&menuNo=200755&pYear=2011
2011-12-08,2011,12,8,목,held,https://www.bok.or.kr/portal/singl/crncyPolicyDrcMtg/listYear.do?mtgSe=A&menuNo=200755&pYear=2011
2012-01-13,2012,1,13,금,held,https://www.bok.or.kr/portal/singl/crncyPolicyDrcMtg/listYear.do?mtgSe=A&menuNo=200755&pYear=2012
2012-02-09,2012,2,9,목,held,https://www.bok.or.kr/portal/singl/crncyPolicyDrcMtg/listYear.do?mtgSe=A&menuNo=200755&pYear=2012
2012-03-08,2012,3,8,목,held,https://www.bok.or.kr/portal/singl/crncyPolicyDrcMtg/listYear.do?mtgSe=A&menuNo=200755&pYear=2012
2012-04-13,2012,4,13,금,held,https://www.bok.or.kr/portal/singl/crncyPolicyDrcMtg/listYear.do?mtgSe=A&menuNo=200755&pYear=2012
2012-05-10,2012,5,10,목,held,https://www.bok.or.kr/portal/singl/crncyPolicyDrcMtg/listYear.do?mtgSe=A&menuNo=200755&pYear=2012
2012-06-08,2012,6,8,금,held,https://www.bok.or.kr/portal/singl/crncyPolicyDrcMtg/listYear.do?mtgSe=A&menuNo=200755&pYear=2012
2012-07-12,2012,7,12,목,held,https://www.bok.or.kr/portal/singl/crncyPolicyDrcMtg/listYear.do?mtgSe=A&menuNo=200755&pYear=2012
2012-08-09,2012,8,9,목,held,https://www.bok.or.kr/portal/singl/crncyPolicyDrcMtg/listYear.do?mtgSe=A&menuNo=200755&pYear=2012
2012-09-13,2012,9,13,목,held,https://www.bok.or.kr/portal/singl/crncyPolicyDrcMtg/listYear.do?mtgSe=A&menuNo=200755&pYear=2012
2012-10-11,2012,10,11,목,held,https://www.bok.or.kr/portal/singl/crncyPolicyDrcMtg/listYear.do?mtgSe=A&menuNo=200755&pYear=2012
2012-11-09,2012,11,9,금,held,https://www.bok.or.kr/portal/singl/crncyPolicyDrcMtg/listYear.do?mtgSe=A&menuNo=200755&pYear=2012
2012-12-13,2012,12,13,목,held,https://www.bok.or.kr/portal/singl/crncyPolicyDrcMtg/listYear.do?mtgSe=A&menuNo=200755&pYear=2012
2013-01-11,2013,1,11,금,held,https://www.bok.or.kr/portal/singl/crncyPolicyDrcMtg/listYear.do?mtgSe=A&menuNo=200755&pYear=2013
2013-02-14,2013,2,14,목,held,https://www.bok.or.kr/portal/singl/crncyPolicyDrcMtg/listYear.do?mtgSe=A&menuNo=200755&pYear=2013
2013-03-14,2013,3,14,목,held,https://www.bok.or.kr/portal/singl/crncyPolicyDrcMtg/listYear.do?mtgSe=A&menuNo=200755&pYear=2013
2013-04-11,2013,4,11,목,held,https://www.bok.or.kr/portal/singl/crncyPolicyDrcMtg/listYear.do?mtgSe=A&menuNo=200755&pYear=2013
2013-05-09,2013,5,9,목,held,https://www.bok.or.kr/portal/singl/crncyPolicyDrcMtg/listYear.do?mtgSe=A&menuNo=200755&pYear=2013
2013-06-13,2013,6,13,목,held,https://www.bok.or.kr/portal/singl/crncyPolicyDrcMtg/listYear.do?mtgSe=A&menuNo=200755&pYear=2013
2013-07-11,2013,7,11,목,held,https://www.bok.or.kr/portal/singl/crncyPolicyDrcMtg/listYear.do?mtgSe=A&menuNo=200755&pYear=2013
2013-08-08,2013,8,8,목,held,https://www.bok.or.kr/portal/singl/crncyPolicyDrcMtg/listYear.do?mtgSe=A&menuNo=200755&pYear=2013
2013-09-12,2013,9,12,목,held,https://www.bok.or.kr/portal/singl/crncyPolicyDrcMtg/listYear.do?mtgSe=A&menuNo=200755&pYear=2013
2013-10-10,2013,10,10,목,held,https://www.bok.or.kr/portal/singl/crncyPolicyDrcMtg/listYear.do?mtgSe=A&menuNo=200755&pYear=2013
2013-11-14,2013,11,14,목,held,https://www.bok.or.kr/portal/singl/crncyPolicyDrcMtg/listYear.do?mtgSe=A&menuNo=200755&pYear=2013
2013-12-12,2013,12,12,목,held,https://www.bok.or.kr/portal/singl/crncyPolicyDrcMtg/listYear.do?mtgSe=A&menuNo=200755&pYear=2013
2014-01-09,2014,1,9,목,held,https://www.bok.or.kr/portal/singl/crncyPolicyDrcMtg/listYear.do?mtgSe=A&menuNo=200755&pYear=2014
2014-02-13,2014,2,13,목,held,https://www.bok.or.kr/portal/singl/crncyPolicyDrcMtg/listYear.do?mtgSe=A&menuNo=200755&pYear=2014
2014-03-13,2014,3,13,목,held,https://www.bok.or.kr/portal/singl/crncyPolicyDrcMtg/listYear.do?mtgSe=A&menuNo=200755&pYear=2014
2014-04-10,2014,4,10,목,held,https://www.bok.or.kr/portal/singl/crncyPolicyDrcMtg/listYear.do?mtgSe=A&menuNo=200755&pYear=2014
2014-05-09,2014,5,9,금,held,https://www.bok.or.kr/portal/singl/crncyPolicyDrcMtg/listYear.do?mtgSe=A&menuNo=200755&pYear=2014
2014-06-12,2014,6,12,목,held,https://www.bok.or.kr/portal/singl/crncyPolicyDrcMtg/listYear.do?mtgSe=A&menuNo=200755&pYear=2014
2014-07-10,2014,7,10,목,held,https://www.bok.or.kr/portal/singl/crncyPolicyDrcMtg/listYear.do?mtgSe=A&menuNo=200755&pYear=2014
2014-08-14,2014,8,14,목,held,https://www.bok.or.kr/portal/singl/crncyPolicyDrcMtg/listYear.do?mtgSe=A&menuNo=200755&pYear=2014
2014-09-12,2014,9,12,금,held,https://www.bok.or.kr/portal/singl/crncyPolicyDrcMtg/listYear.do?mtgSe=A&menuNo=200755&pYear=2014
2014-10-15,2014,10,15,수,held,https://www.bok.or.kr/portal/singl/crncyPolicyDrcMtg/listYear.do?mtgSe=A&menuNo=200755&pYear=2014
2014-11-13,2014,11,13,목,held,https://www.bok.or.kr/portal/singl/crncyPolicyDrcMtg/listYear.do?mtgSe=A&menuNo=200755&pYear=2014
2014-12-11,2014,12,11,목,held,https://www.bok.or.kr/portal/singl/crncyPolicyDrcMtg/listYear.do?mtgSe=A&menuNo=200755&pYear=2014
2015-01-15,2015,1,15,목,held,https://www.bok.or.kr/portal/singl/crncyPolicyDrcMtg/listYear.do?mtgSe=A&menuNo=200755&pYear=2015
2015-02-17,2015,2,17,화,held,https://www.bok.or.kr/portal/singl/crncyPolicyDrcMtg/listYear.do?mtgSe=A&menuNo=200755&pYear=2015
2015-03-12,2015,3,12,목,held,https://www.bok.or.kr/portal/singl/crncyPolicyDrcMtg/listYear.do?mtgSe=A&menuNo=200755&pYear=2015
2015-04-09,2015,4,9,목,held,https://www.bok.or.kr/portal/singl/crncyPolicyDrcMtg/listYear.do?mtgSe=A&menuNo=200755&pYear=2015
2015-05-15,2015,5,15,금,held,https://www.bok.or.kr/portal/singl/crncyPolicyDrcMtg/listYear.do?mtgSe=A&menuNo=200755&pYear=2015
2015-06-11,2015,6,11,목,held,https://www.bok.or.kr/portal/singl/crncyPolicyDrcMtg/listYear.do?mtgSe=A&menuNo=200755&pYear=2015
2015-07-09,2015,7,9,목,held,https://www.bok.or.kr/portal/singl/crncyPolicyDrcMtg/listYear.do?mtgSe=A&menuNo=200755&pYear=2015
2015-08-13,2015,8,13,목,held,https://www.bok.or.kr/portal/singl/crncyPolicyDrcMtg/listYear.do?mtgSe=A&menuNo=200755&pYear=2015
2015-09-11,2015,9,11,금,held,https://www.bok.or.kr/portal/singl/crncyPolicyDrcMtg/listYear.do?mtgSe=A&menuNo=200755&pYear=2015
2015-10-15,2015,10,15,목,held,https://www.bok.or.kr/portal/singl/crncyPolicyDrcMtg/listYear.do?mtgSe=A&menuNo=200755&pYear=2015
2015-11-12,2015,11,12,목,held,https://www.bok.or.kr/portal/singl/crncyPolicyDrcMtg/listYear.do?mtgSe=A&menuNo=200755&pYear=2015
2015-12-10,2015,12,10,목,held,https://www.bok.or.kr/portal/singl/crncyPolicyDrcMtg/listYear.do?mtgSe=A&menuNo=200755&pYear=2015
2016-01-14,2016,1,14,목,held,https://www.bok.or.kr/portal/singl/crncyPolicyDrcMtg/listYear.do?mtgSe=A&menuNo=200755&pYear=2016
2016-02-16,2016,2,16,화,held,https://www.bok.or.kr/portal/singl/crncyPolicyDrcMtg/listYear.do?mtgSe=A&menuNo=200755&pYear=2016
2016-03-10,2016,3,10,목,held,https://www.bok.or.kr/portal/singl/crncyPolicyDrcMtg/listYear.do?mtgSe=A&menuNo=200755&pYear=2016
2016-04-19,2016,4,19,화,held,https://www.bok.or.kr/portal/singl/crncyPolicyDrcMtg/listYear.do?mtgSe=A&menuNo=200755&pYear=2016
2016-05-13,2016,5,13,금,held,https://www.bok.or.kr/portal/singl/crncyPolicyDrcMtg/listYear.do?mtgSe=A&menuNo=200755&pYear=2016
2016-06-09,2016,6,9,목,held,https://www.bok.or.kr/portal/singl/crncyPolicyDrcMtg/listYear.do?mtgSe=A&menuNo=200755&pYear=2016
2016-07-14,2016,7,14,목,held,https://www.bok.or.kr/portal/singl/crncyPolicyDrcMtg/listYear.do?mtgSe=A&menuNo=200755&pYear=2016
2016-08-11,2016,8,11,목,held,https://www.bok.or.kr/portal/singl/crncyPolicyDrcMtg/listYear.do?mtgSe=A&menuNo=200755&pYear=2016
2016-09-09,2016,9,9,금,held,https://www.bok.or.kr/portal/singl/crncyPolicyDrcMtg/listYear.do?mtgSe=A&menuNo=200755&pYear=2016
2016-10-13,2016,10,13,목,held,https://www.bok.or.kr/portal/singl/crncyPolicyDrcMtg/listYear.do?mtgSe=A&menuNo=200755&pYear=2016
2016-11-11,2016,11,11,금,held,https://www.bok.or.kr/portal/singl/crncyPolicyDrcMtg/listYear.do?mtgSe=A&menuNo=200755&pYear=2016
2016-12-15,2016,12,15,목,held,https://www.bok.or.kr/portal/singl/crncyPolicyDrcMtg/listYear.do?mtgSe=A&menuNo=200755&pYear=2016
2017-01-13,2017,1,13,금,held,https://www.bok.or.kr/portal/singl/crncyPolicyDrcMtg/listYear.do?mtgSe=A&menuNo=200755&pYear=2017
2017-02-23,2017,2,23,목,held,https://www.bok.or.kr/portal/singl/crncyPolicyDrcMtg/listYear.do?mtgSe=A&menuNo=200755&pYear=2017
2017-04-13,2017,4,13,목,held,https://www.bok.or.kr/portal/singl/crncyPolicyDrcMtg/listYear.do?mtgSe=A&menuNo=200755&pYear=2017
2017-05-25,2017,5,25,목,held,https://www.bok.or.kr/portal/singl/crncyPolicyDrcMtg/listYear.do?mtgSe=A&menuNo=200755&pYear=2017
2017-07-13,2017,7,13,목,held,https://www.bok.or.kr/portal/singl/crncyPolicyDrcMtg/listYear.do?mtgSe=A&menuNo=200755&pYear=2017
2017-08-31,2017,8,31,목,held,https://www.bok.or.kr/portal/singl/crncyPolicyDrcMtg/listYear.do?mtgSe=A&menuNo=200755&pYear=2017
2017-10-19,2017,10,19,목,held,https://www.bok.or.kr/portal/singl/crncyPolicyDrcMtg/listYear.do?mtgSe=A&menuNo=200755&pYear=2017
2017-11-30,2017,11,30,목,held,https://www.bok.or.kr/portal/singl/crncyPolicyDrcMtg/listYear.do?mtgSe=A&menuNo=200755&pYear=2017
2018-01-18,2018,1,18,목,held,https://www.bok.or.kr/portal/singl/crncyPolicyDrcMtg/listYear.do?mtgSe=A&menuNo=200755&pYear=2018
2018-02-27,2018,2,27,화,held,https://www.bok.or.kr/portal/singl/crncyPolicyDrcMtg/listYear.do?mtgSe=A&menuNo=200755&pYear=2018
2018-04-12,2018,4,12,목,held,https://www.bok.or.kr/portal/singl/crncyPolicyDrcMtg/listYear.do?mtgSe=A&menuNo=200755&pYear=2018
2018-05-24,2018,5,24,목,held,https://www.bok.or.kr/portal/singl/crncyPolicyDrcMtg/listYear.do?mtgSe=A&menuNo=200755&pYear=2018
2018-07-12,2018,7,12,목,held,https://www.bok.or.kr/portal/singl/crncyPolicyDrcMtg/listYear.do?mtgSe=A&menuNo=200755&pYear=2018
2018-08-31,2018,8,31,금,held,https://www.bok.or.kr/portal/singl/crncyPolicyDrcMtg/listYear.do?mtgSe=A&menuNo=200755&pYear=2018
2018-10-18,2018,10,18,목,held,https://www.bok.or.kr/portal/singl/crncyPolicyDrcMtg/listYear.do?mtgSe=A&menuNo=200755&pYear=2018
2018-11-30,2018,11,30,금,held,https://www.bok.or.kr/portal/singl/crncyPolicyDrcMtg/listYear.do?mtgSe=A&menuNo=200755&pYear=2018
2019-01-24,2019,1,24,목,held,https://www.bok.or.kr/portal/singl/crncyPolicyDrcMtg/listYear.do?mtgSe=A&menuNo=200755&pYear=2019
2019-02-28,2019,2,28,목,held,https://www.bok.or.kr/portal/singl/crncyPolicyDrcMtg/listYear.do?mtgSe=A&menuNo=200755&pYear=2019
2019-04-18,2019,4,18,목,held,https://www.bok.or.kr/portal/singl/crncyPolicyDrcMtg/listYear.do?mtgSe=A&menuNo=200755&pYear=2019
2019-05-31,2019,5,31,금,held,https://www.bok.or.kr/portal/singl/crncyPolicyDrcMtg/listYear.do?mtgSe=A&menuNo=200755&pYear=2019
2019-07-18,2019,7,18,목,held,https://www.bok.or.kr/portal/singl/crncyPolicyDrcMtg/listYear.do?mtgSe=A&menuNo=200755&pYear=2019
2019-08-30,2019,8,30,금,held,https://www.bok.or.kr/portal/singl/crncyPolicyDrcMtg/listYear.do?mtgSe=A&menuNo=200755&pYear=2019
2019-10-16,2019,10,16,수,held,https://www.bok.or.kr/portal/singl/crncyPolicyDrcMtg/listYear.do?mtgSe=A&menuNo=200755&pYear=2019
2019-11-29,2019,11,29,금,held,https://www.bok.or.kr/portal/singl/crncyPolicyDrcMtg/listYear.do?mtgSe=A&menuNo=200755&pYear=2019
2020-01-17,2020,1,17,금,held,https://www.bok.or.kr/portal/singl/crncyPolicyDrcMtg/listYear.do?mtgSe=A&menuNo=200755&pYear=2020
2020-02-27,2020,2,27,목,held,https://www.bok.or.kr/portal/singl/crncyPolicyDrcMtg/listYear.do?mtgSe=A&menuNo=200755&pYear=2020
2020-03-16,2020,3,16,월,held,https://www.bok.or.kr/portal/singl/crncyPolicyDrcMtg/listYear.do?mtgSe=A&menuNo=200755&pYear=2020
2020-04-09,2020,4,9,목,held,https://www.bok.or.kr/portal/singl/crncyPolicyDrcMtg/listYear.do?mtgSe=A&menuNo=200755&pYear=2020
2020-05-28,2020,5,28,목,held,https://www.bok.or.kr/portal/singl/crncyPolicyDrcMtg/listYear.do?mtgSe=A&menuNo=200755&pYear=2020
2020-07-16,2020,7,16,목,held,https://www.bok.or.kr/portal/singl/crncyPolicyDrcMtg/listYear.do?mtgSe=A&menuNo=200755&pYear=2020
2020-08-27,2020,8,27,목,held,https://www.bok.or.kr/portal/singl/crncyPolicyDrcMtg/listYear.do?mtgSe=A&menuNo=200755&pYear=2020
2020-10-14,2020,10,14,수,held,https://www.bok.or.kr/portal/singl/crncyPolicyDrcMtg/listYear.do?mtgSe=A&menuNo=200755&pYear=2020
2020-11-26,2020,11,26,목,held,https://www.bok.or.kr/portal/singl/crncyPolicyDrcMtg/listYear.do?mtgSe=A&menuNo=200755&pYear=2020
2021-01-15,2021,1,15,금,held,https://www.bok.or.kr/portal/singl/crncyPolicyDrcMtg/listYear.do?mtgSe=A&menuNo=200755&pYear=2021
2021-02-25,2021,2,25,목,held,https://www.bok.or.kr/portal/singl/crncyPolicyDrcMtg/listYear.do?mtgSe=A&menuNo=200755&pYear=2021
2021-04-15,2021,4,15,목,held,https://www.bok.or.kr/portal/singl/crncyPolicyDrcMtg/listYear.do?mtgSe=A&menuNo=200755&pYear=2021
2021-05-27,2021,5,27,목,held,https://www.bok.or.kr/portal/singl/crncyPolicyDrcMtg/listYear.do?mtgSe=A&menuNo=200755&pYear=2021
2021-07-15,2021,7,15,목,held,https://www.bok.or.kr/portal/singl/crncyPolicyDrcMtg/listYear.do?mtgSe=A&menuNo=200755&pYear=2021
2021-08-26,2021,8,26,목,held,https://www.bok.or.kr/portal/singl/crncyPolicyDrcMtg/listYear.do?mtgSe=A&menuNo=200755&pYear=2021
2021-10-12,2021,10,12,화,held,https://www.bok.or.kr/portal/singl/crncyPolicyDrcMtg/listYear.do?mtgSe=A&menuNo=200755&pYear=2021
2021-11-25,2021,11,25,목,held,https://www.bok.or.kr/portal/singl/crncyPolicyDrcMtg/listYear.do?mtgSe=A&menuNo=200755&pYear=2021
2022-01-14,2022,1,14,금,held,https://www.bok.or.kr/portal/singl/crncyPolicyDrcMtg/listYear.do?mtgSe=A&menuNo=200755&pYear=2022
2022-02-24,2022,2,24,목,held,https://www.bok.or.kr/portal/singl/crncyPolicyDrcMtg/listYear.do?mtgSe=A&menuNo=200755&pYear=2022
2022-04-14,2022,4,14,목,held,https://www.bok.or.kr/portal/singl/crncyPolicyDrcMtg/listYear.do?mtgSe=A&menuNo=200755&pYear=2022
2022-05-26,2022,5,26,목,held,https://www.bok.or.kr/portal/singl/crncyPolicyDrcMtg/listYear.do?mtgSe=A&menuNo=200755&pYear=2022
2022-07-13,2022,7,13,수,held,https://www.bok.or.kr/portal/singl/crncyPolicyDrcMtg/listYear.do?mtgSe=A&menuNo=200755&pYear=2022
2022-08-25,2022,8,25,목,held,https://www.bok.or.kr/portal/singl/crncyPolicyDrcMtg/listYear.do?mtgSe=A&menuNo=200755&pYear=2022
2022-10-12,2022,10,12,수,held,https://www.bok.or.kr/portal/singl/crncyPolicyDrcMtg/listYear.do?mtgSe=A&menuNo=200755&pYear=2022
2022-11-24,2022,11,24,목,held,https://www.bok.or.kr/portal/singl/crncyPolicyDrcMtg/listYear.do?mtgSe=A&menuNo=200755&pYear=2022
2023-01-13,2023,1,13,금,held,https://www.bok.or.kr/portal/singl/crncyPolicyDrcMtg/listYear.do?mtgSe=A&menuNo=200755&pYear=2023
2023-02-23,2023,2,23,목,held,https://www.bok.or.kr/portal/singl/crncyPolicyDrcMtg/listYear.do?mtgSe=A&menuNo=200755&pYear=2023
2023-04-11,2023,4,11,화,held,https://www.bok.or.kr/portal/singl/crncyPolicyDrcMtg/listYear.do?mtgSe=A&menuNo=200755&pYear=2023
2023-05-25,2023,5,25,목,held,https://www.bok.or.kr/portal/singl/crncyPolicyDrcMtg/listYear.do?mtgSe=A&menuNo=200755&pYear=2023
2023-07-13,2023,7,13,목,held,https://www.bok.or.kr/portal/singl/crncyPolicyDrcMtg/listYear.do?mtgSe=A&menuNo=200755&pYear=2023
2023-08-24,2023,8,24,목,held,https://www.bok.or.kr/portal/singl/crncyPolicyDrcMtg/listYear.do?mtgSe=A&menuNo=200755&pYear=2023
2023-10-19,2023,10,19,목,held,https://www.bok.or.kr/portal/singl/crncyPolicyDrcMtg/listYear.do?mtgSe=A&menuNo=200755&pYear=2023
2023-11-30,2023,11,30,목,held,https://www.bok.or.kr/portal/singl/crncyPolicyDrcMtg/listYear.do?mtgSe=A&menuNo=200755&pYear=2023
2024-01-11,2024,1,11,목,held,https://www.bok.or.kr/portal/singl/crncyPolicyDrcMtg/listYear.do?mtgSe=A&menuNo=200755&pYear=2024
2024-02-22,2024,2,22,목,held,https://www.bok.or.kr/portal/singl/crncyPolicyDrcMtg/listYear.do?mtgSe=A&menuNo=200755&pYear=2024
2024-04-12,2024,4,12,금,held,https://www.bok.or.kr/portal/singl/crncyPolicyDrcMtg/listYear.do?mtgSe=A&menuNo=200755&pYear=2024
2024-05-23,2024,5,23,목,held,https://www.bok.or.kr/portal/singl/crncyPolicyDrcMtg/listYear.do?mtgSe=A&menuNo=200755&pYear=2024
2024-07-11,2024,7,11,목,held,https://www.bok.or.kr/portal/singl/crncyPolicyDrcMtg/listYear.do?mtgSe=A&menuNo=200755&pYear=2024
2024-08-22,2024,8,22,목,held,https://www.bok.or.kr/portal/singl/crncyPolicyDrcMtg/listYear.do?mtgSe=A&menuNo=200755&pYear=2024
2024-10-11,2024,10,11,금,held,https://www.bok.or.kr/portal/singl/crncyPolicyDrcMtg/listYear.do?mtgSe=A&menuNo=200755&pYear=2024
2024-11-28,2024,11,28,목,held,https://www.bok.or.kr/portal/singl/crncyPolicyDrcMtg/listYear.do?mtgSe=A&menuNo=200755&pYear=2024
2025-01-16,2025,1,16,목,held,https://www.bok.or.kr/portal/singl/crncyPolicyDrcMtg/listYear.do?mtgSe=A&menuNo=200755&pYear=2025
2025-02-25,2025,2,25,화,held,https://www.bok.or.kr/portal/singl/crncyPolicyDrcMtg/listYear.do?mtgSe=A&menuNo=200755&pYear=2025
2025-04-17,2025,4,17,목,held,https://www.bok.or.kr/portal/singl/crncyPolicyDrcMtg/listYear.do?mtgSe=A&menuNo=200755&pYear=2025
2025-05-29,2025,5,29,목,held,https://www.bok.or.kr/portal/singl/crncyPolicyDrcMtg/listYear.do?mtgSe=A&menuNo=200755&pYear=2025
2025-07-10,2025,7,10,목,held,https://www.bok.or.kr/portal/singl/crncyPolicyDrcMtg/listYear.do?mtgSe=A&menuNo=200755&pYear=2025
2025-08-28,2025,8,28,목,held,https://www.bok.or.kr/portal/singl/crncyPolicyDrcMtg/listYear.do?mtgSe=A&menuNo=200755&pYear=2025
2025-10-23,2025,10,23,목,held,https://www.bok.or.kr/portal/singl/crncyPolicyDrcMtg/listYear.do?mtgSe=A&menuNo=200755&pYear=2025
2025-11-27,2025,11,27,목,held,https://www.bok.or.kr/portal/singl/crncyPolicyDrcMtg/listYear.do?mtgSe=A&menuNo=200755&pYear=2025
2026-01-15,2026,1,15,목,held,https://www.bok.or.kr/portal/singl/crncyPolicyDrcMtg/listYear.do?mtgSe=A&menuNo=200755&pYear=2026
2026-02-26,2026,2,26,목,held,https://www.bok.or.kr/portal/singl/crncyPolicyDrcMtg/listYear.do?mtgSe=A&menuNo=200755&pYear=2026
2026-04-10,2026,4,10,금,held,https://www.bok.or.kr/portal/singl/crncyPolicyDrcMtg/listYear.do?mtgSe=A&menuNo=200755&pYear=2026
2026-05-28,2026,5,28,목,held,https://www.bok.or.kr/portal/singl/crncyPolicyDrcMtg/listYear.do?mtgSe=A&menuNo=200755&pYear=2026
2026-07-16,2026,7,16,목,held,https://www.bok.or.kr/portal/singl/crncyPolicyDrcMtg/listYear.do?mtgSe=A&menuNo=200755&pYear=2026
2026-08-27,2026,8,27,목,held,https://www.bok.or.kr/portal/singl/crncyPolicyDrcMtg/listYear.do?mtgSe=A&menuNo=200755&pYear=2026
2026-10-22,2026,10,22,목,scheduled,https://www.bok.or.kr/portal/singl/crncyPolicyDrcMtg/listYear.do?mtgSe=A&menuNo=200755&pYear=2026
2026-11-26,2026,11,26,목,scheduled,https://www.bok.or.kr/portal/singl/crncyPolicyDrcMtg/listYear.do?mtgSe=A&menuNo=200755&pYear=2026
