date,implied_ye_rate,prob_0115,prob_0226,prob_0410,prob_0528,prob_0716,prob_0827,prob_1022,prob_1126
2025-07-01,2.588,0,0.093,0.155,0.166,,,,
2025-07-02,3.108,0.261,0.633,0.765,0.772,,,,
2025-07-03,3.08,0.24,0.603,0.733,0.742,,,,
2025-07-04,3.08,0.239,0.603,0.735,0.745,,,,
2025-07-07,3.072,0.219,0.592,0.73,0.745,,,,
2025-07-08,3.067,0.194,0.586,0.735,0.753,,,,
2025-07-09,3.0,0.16,0.516,0.653,0.672,,,,
2025-07-10,2.79,0.111,0.299,0.371,0.38,,,,
2025-07-11,2.943,0.13,0.371,0.448,0.432,0.392,,,
2025-07-14,2.972,0.129,0.393,0.48,0.465,0.423,,,
2025-07-15,3.0,0.106,0.413,0.517,0.505,0.459,,,
2025-07-16,3.003,0.133,0.417,0.512,0.498,0.453,,,
2025-07-17,3.058,0.151,0.461,0.566,0.552,0.503,,,
2025-07-18,3.02,0.132,0.427,0.529,0.518,0.474,,,
2025-07-21,2.925,0.072,0.342,0.441,0.439,0.406,,,
2025-07-22,2.91,0.07,0.328,0.424,0.424,0.393,,,
2025-07-23,2.901,0.057,0.319,0.418,0.421,0.391,,,
2025-07-24,2.895,0.052,0.312,0.411,0.415,0.387,,,
2025-07-25,2.892,0.045,0.308,0.41,0.416,0.388,,,
2025-07-28,2.727,0.03,0.177,0.236,0.24,0.226,,,
2025-07-29,2.669,0.018,0.131,0.176,0.18,0.17,,,
2025-07-30,2.628,0.017,0.099,0.132,0.136,0.128,,,
2025-07-31,2.639,0.007,0.106,0.146,0.152,0.144,,,
2025-08-01,2.701,0,0.151,0.217,0.227,0.217,,,
2025-08-04,2.538,0,0.02,0.059,0.07,0.069,,,
2025-08-05,2.552,0,0.028,0.076,0.09,0.089,,,
2025-08-06,2.576,0,0.043,0.108,0.126,0.124,,,
2025-08-07,2.544,0,0.019,0.072,0.088,0.088,,,
2025-08-08,2.575,0,0.044,0.101,0.118,0.116,,,
2025-08-11,2.614,0,0.064,0.154,0.182,0.18,,,
2025-08-12,2.644,0,0.084,0.189,0.221,0.219,,,
2025-08-13,2.611,0,0.056,0.159,0.193,0.193,,,
2025-08-14,2.584,0,0.034,0.133,0.167,0.168,,,
2025-08-18,2.642,0,0.064,0.21,0.261,0.264,,,
2025-08-19,2.646,0,0.061,0.221,0.278,0.282,,,
2025-08-20,2.633,0,0.051,0.208,0.264,0.27,,,
2025-08-21,2.625,0,0.047,0.197,0.252,0.258,,,
2025-08-22,2.687,0,0.063,0.211,0.254,0.242,0.22,,
2025-08-25,2.633,0,0.026,0.166,0.21,0.204,0.186,,
2025-08-26,2.584,0,0,0.123,0.167,0.164,0.149,,
2025-08-27,2.537,0,0,0.082,0.124,0.124,0.113,,
2025-08-28,2.459,0.305,0.042,0,0,0,0,,
2025-08-29,2.478,0.352,0.073,0,0,0,0,,
2025-09-01,2.527,0.248,0.096,0,0,0,0,,
2025-09-02,2.56,0.202,0.108,0.019,0,0,0,,
2025-09-03,2.615,0.196,0.142,0.067,0.029,0.015,0.012,,
2025-09-04,2.595,0.233,0.149,0.044,0,0,0,,
2025-09-05,2.576,0.26,0.154,0.025,0,0,0,,
2025-09-08,2.604,0.062,0.11,0.081,0.063,0.052,0.047,,
2025-09-09,2.59,0.022,0.09,0.076,0.065,0.056,0.051,,
2025-09-10,2.584,0,0.061,0.081,0.084,0.08,0.075,,
2025-09-11,2.543,0.079,0.097,0.03,0,0,0,,
2025-09-12,2.575,0.025,0.093,0.065,0.047,0.038,0.034,,
2025-09-15,2.6,0,0.081,0.095,0.096,0.091,0.085,,
2025-09-16,2.564,0,0.03,0.074,0.09,0.091,0.087,,
2025-09-17,2.562,0,0.038,0.07,0.081,0.08,0.076,,
2025-09-18,2.547,0,0.051,0.054,0.053,0.049,0.046,,
2025-09-19,2.592,0,0.036,0.099,0.124,0.126,0.121,,
2025-09-22,2.613,0,0.027,0.121,0.159,0.165,0.16,,
2025-09-23,2.614,0,0.023,0.122,0.163,0.17,0.165,,
2025-09-24,2.649,0,0,0.156,0.226,0.241,0.236,,
2025-09-25,2.662,0,0,0.168,0.249,0.269,0.263,,
2025-09-26,2.743,0,0,0.242,0.367,0.398,0.391,,
2025-09-29,2.768,0,0,0.264,0.418,0.46,0.456,,
2025-09-30,2.728,0,0,0.226,0.342,0.372,0.368,,
2025-10-01,2.73,0,0,0.24,0.45,0.515,0.516,,
2025-10-02,2.715,0,0,0.224,0.412,0.471,0.472,,
2025-10-10,2.681,0,0,0.189,0.374,0.438,0.445,,
2025-10-13,2.623,0,0,0.133,0.309,0.374,0.384,,
2025-10-14,2.663,0,0,0.162,0.396,0.483,0.498,,
2025-10-15,2.667,0,0,0.161,0.4,0.49,0.505,,
2025-10-16,2.692,0,0,0.175,0.437,0.536,0.554,,
2025-10-17,2.746,0,0,0.152,0.398,0.474,0.462,0.42,
2025-10-20,2.776,0,0,0.153,0.417,0.502,0.491,0.446,
2025-10-21,2.796,0,0,0.158,0.433,0.522,0.511,0.464,
2025-10-22,2.746,0,0,0.128,0.374,0.455,0.447,0.406,
2025-10-23,2.751,0,0,0.217,0.321,0.344,0.326,0.297,
2025-10-24,2.71,0,0.043,0.218,0.269,0.273,0.254,0.232,
2025-10-27,2.744,0,0,0.215,0.319,0.344,0.329,0.302,
2025-10-28,2.781,0,0,0.195,0.367,0.421,0.411,0.379,
2025-10-29,2.8,0,0,0.202,0.378,0.434,0.424,0.392,
2025-10-30,2.814,0,0,0.191,0.379,0.44,0.433,0.402,
2025-10-31,2.774,0,0,0.176,0.34,0.393,0.387,0.36,
2025-11-03,2.796,0,0,0.117,0.37,0.465,0.471,0.442,
2025-11-04,2.812,0,0,0.046,0.389,0.527,0.546,0.515,
2025-11-05,2.827,0,0,0.111,0.395,0.504,0.515,0.485,
2025-11-06,2.819,0,0,0.143,0.367,0.452,0.457,0.43,
2025-11-07,2.924,0,0,0.163,0.458,0.571,0.581,0.549,
2025-11-10,2.868,0,0,0.118,0.407,0.523,0.539,0.513,
2025-11-11,2.794,0,0,0.1,0.339,0.435,0.449,0.428,
2025-11-12,2.959,0,0,0.079,0.489,0.659,0.692,0.662,
2025-11-13,2.885,0,0,0.095,0.406,0.535,0.558,0.533,
2025-11-14,2.926,0,0,0.069,0.445,0.604,0.637,0.611,
2025-11-17,2.908,0,0,0.03,0.433,0.608,0.649,0.627,
2025-11-18,2.84,0,0,0.014,0.366,0.52,0.558,0.54,
2025-11-19,2.814,0,0,0.016,0.346,0.492,0.529,0.513,
2025-11-20,2.812,0,0,0.013,0.342,0.488,0.525,0.51,
2025-11-21,2.82,0,0,0.033,0.294,0.398,0.409,0.37,0.336
2025-11-24,2.842,0,0,0.024,0.305,0.42,0.434,0.395,0.359
2025-11-25,2.841,0,0,0.02,0.303,0.42,0.436,0.397,0.361
2025-11-26,2.815,0,0,0.024,0.287,0.395,0.409,0.373,0.339
2025-11-27,2.945,0,0,0.06,0.408,0.55,0.567,0.518,0.472
2025-11-28,2.793,0,0,0.135,0.308,0.373,0.372,0.337,0.308
2025-12-01,2.763,0,0,0.209,0.286,0.303,0.287,0.258,0.237
2025-12-02,2.719,0,0,0.22,0.263,0.26,0.24,0.214,0.196
2025-12-03,2.734,0,0,0.192,0.261,0.273,0.259,0.233,0.214
2025-12-04,2.62,0,0.037,0.285,0.233,0.17,0.13,0.107,0.097
2025-12-05,2.582,0,0.044,0.28,0.209,0.132,0.089,0.068,0.061
2025-12-08,2.581,0,0.112,0.444,0.286,0.126,0.045,0.015,0.009
2025-12-09,2.705,0,0.025,0.323,0.299,0.232,0.186,0.157,0.143
2025-12-10,2.814,0,0,0.168,0.275,0.312,0.308,0.284,0.265
2025-12-11,2.761,0,0,0.252,0.31,0.298,0.272,0.244,0.226
2025-12-12,2.691,0,0,0.296,0.308,0.254,0.212,0.183,0.168
2025-12-15,2.427,0,0.121,0.68,0.385,0.034,0,0,0
2025-12-16,2.474,0,0.086,0.595,0.364,0.066,0,0,0
2025-12-17,2.478,0,0.043,0.562,0.363,0.084,0,0,0
2025-12-18,2.353,0,0.072,0.616,0.337,0,0,0,0
2025-12-19,2.432,0,0,0.44,0.293,0.059,0,0,0
2025-12-22,2.419,0,0,0.436,0.32,0.083,0,0,0
2025-12-23,2.424,0,0,0.399,0.305,0.088,0,0,0
2025-12-24,2.414,0,0,0.374,0.289,0.08,0,0,0
2025-12-26,2.455,0,0,0.321,0.291,0.126,0.039,0.002,0
2025-12-29,2.457,0,0,0.264,0.241,0.098,0.021,0,0
2025-12-30,2.442,0,0,0.257,0.242,0.1,0.023,0,0
2025-12-31,2.335,0,0,0.35,0.323,0.102,0,0,0
2026-01-02,2.522,0,0,0.126,0.19,0.153,0.126,0.109,0.1
2026-01-05,2.611,0,0,0,0.123,0.214,0.25,0.251,0.245
2026-01-06,2.699,0,0,0,0.057,0.215,0.285,0.3,0.296
2026-01-07,2.518,0,0,0.066,0.131,0.121,0.109,0.099,0.093
2026-01-08,2.476,0,0,0.098,0.17,0.133,0.108,0.092,0.084
2026-01-09,2.509,0,0,0.063,0.176,0.179,0.172,0.161,0.153
2026-01-12,2.509,0,0,0.022,0.166,0.202,0.198,0.168,0.128
2026-01-13,2.533,0,0,0,0.149,0.21,0.218,0.19,0.146
2026-01-14,2.508,0,0,0.009,0.153,0.192,0.191,0.164,0.126
2026-01-15,2.613,,0,0,0.306,0.291,0.254,0.205,0.152
2026-01-16,2.616,,0,0,0.275,0.279,0.25,0.204,0.153
2026-01-19,2.639,,0,0,0.333,0.314,0.262,0.206,0.152
2026-01-20,2.698,,0,0,0.264,0.345,0.344,0.296,0.229
2026-01-21,2.618,,0,0,0.354,0.312,0.239,0.179,0.128
2026-01-22,2.603,,0,0.021,0.349,0.283,0.198,0.137,0.094
2026-01-23,2.612,,0,0.029,0.394,0.311,0.207,0.138,0.092
2026-01-26,2.604,,0,0.051,0.382,0.282,0.159,0.089,0.051
2026-01-27,2.579,,0,0.097,0.417,0.262,0.101,0.022,0
2026-01-28,2.612,,0,0.083,0.364,0.255,0.126,0.058,0.025
2026-01-29,2.624,,0,0.043,0.367,0.287,0.168,0.098,0.058
2026-01-30,2.638,,0,0.018,0.38,0.319,0.202,0.128,0.082
2026-02-02,2.658,,0,0,0.322,0.31,0.225,0.162,0.113
2026-02-03,2.728,,0,0,0.241,0.307,0.293,0.25,0.195
2026-02-04,2.767,,0,0,0.2,0.302,0.323,0.292,0.235
2026-02-05,2.728,,0,0,0.245,0.3,0.278,0.234,0.181
2026-02-06,2.776,,0,0,0.181,0.28,0.309,0.284,0.23
2026-02-09,2.761,,0,0,0.145,0.273,0.326,0.309,0.255
2026-02-10,2.744,,0,0.001,0.149,0.237,0.267,0.248,0.203
2026-02-11,2.784,,0,0.028,0.154,0.247,0.287,0.27,0.222
2026-02-12,2.7,,0,0,0.222,0.29,0.27,0.23,0.179
2026-02-13,2.672,,0,0,0.193,0.276,0.267,0.232,0.184
2026-02-19,2.687,,0,0,0.119,0.242,0.287,0.274,0.229
2026-02-20,2.67,,0,0,0.154,0.221,0.221,0.195,0.157
2026-02-23,2.658,,0,0,0.129,0.217,0.234,0.215,0.177
2026-02-24,2.655,,0,0,0.119,0.212,0.235,0.219,0.181
2026-02-25,2.623,,0,0,0.122,0.207,0.215,0.194,0.158
2026-02-26,2.55,,,0,0.389,0.461,0.152,0,0
2026-02-27,2.48,,,0,0.472,0.586,0.149,0,0
2026-03-03,2.681,,,0,0.126,0.265,0.244,0.199,0.154
2026-03-04,2.737,,,0,0.061,0.171,0.251,0.264,0.233
2026-03-05,2.703,,,0,0.082,0.191,0.228,0.219,0.185
2026-03-06,2.755,,,0.038,0,0.09,0.264,0.335,0.317
2026-03-09,2.82,,,0,0,0.179,0.369,0.439,0.408
2026-03-10,2.795,,,0.14,0.037,0.103,0.257,0.33,0.315
2026-03-11,2.781,,,0.084,0.03,0.113,0.259,0.327,0.311
2026-03-12,2.738,,,0,0.018,0.209,0.309,0.327,0.29
2026-03-13,2.801,,,0,0,0.122,0.342,0.446,0.429
2026-03-16,2.767,,,0,0,0.137,0.297,0.371,0.352
2026-03-17,2.786,,,0.025,0,0.092,0.277,0.382,0.376
2026-03-18,2.729,,,0,0.022,0.158,0.26,0.296,0.272
2026-03-19,2.768,,,0,0,0.135,0.3,0.383,0.367
2026-03-20,2.832,,,0.076,0,0.04,0.297,0.472,0.484
2026-03-23,2.95,,,0.099,0,0.085,0.392,0.611,0.625
2026-03-24,2.895,,,0,0.063,0.243,0.406,0.481,0.45
2026-03-25,2.911,,,0,0.113,0.283,0.408,0.453,0.413
2026-03-26,2.881,,,0,0.238,0.437,0.402,0.292,0.207
2026-03-27,2.918,,,0.021,0.27,0.442,0.409,0.307,0.224
2026-03-30,2.905,,,0,0.286,0.504,0.429,0.269,0.165
2026-03-31,2.804,,,0,0.155,0.604,0.516,0.267,0.125
2026-04-01,2.733,,,0,0.392,0.758,0.403,0,0
2026-04-02,2.994,,,0,0.271,0.499,0.499,0.4,0.306
2026-04-03,3.025,,,0.06,0.285,0.484,0.501,0.429,0.343
2026-04-06,3.046,,,0.029,0.254,0.476,0.531,0.487,0.406
2026-04-07,3.154,,,0.348,0.355,0.397,0.485,0.538,0.494
2026-04-08,3.006,,,0.045,0.24,0.437,0.485,0.444,0.37
2026-04-09,2.935,,,0,0.161,0.46,0.505,0.424,0.335
2026-04-10,2.939,,,,0,0.475,0.572,0.45,0.324
2026-04-13,2.953,,,,0,0.517,0.619,0.464,0.322
2026-04-14,2.925,,,,0,0.548,0.603,0.393,0.241
2026-04-15,2.922,,,,0,0.527,0.567,0.375,0.233
2026-04-16,2.929,,,,0.12,0.447,0.49,0.383,0.275
2026-04-17,2.932,,,,0.191,0.298,0.398,0.448,0.393
2026-04-20,2.92,,,,0.195,0.329,0.404,0.41,0.344
2026-04-21,2.897,,,,0.151,0.337,0.41,0.383,0.308
2026-04-22,2.91,,,,0.204,0.252,0.351,0.434,0.397
2026-04-23,2.916,,,,0.167,0.168,0.321,0.507,0.501
2026-04-24,2.933,,,,0.249,0.127,0.271,0.53,0.554
2026-04-27,2.926,,,,0,0.411,0.607,0.473,0.329
2026-04-28,2.927,,,,0.059,0.308,0.463,0.475,0.402
2026-04-29,2.914,,,,0.084,0.303,0.44,0.449,0.379
2026-04-30,2.897,,,,0,0.285,0.503,0.492,0.401
2026-05-04,2.967,,,,0.28,0.252,0.336,0.493,0.505
2026-05-06,2.944,,,,0.231,0.241,0.336,0.479,0.49
2026-05-07,2.852,,,,0,0.255,0.476,0.439,0.334
2026-05-08,2.855,,,,0,0.211,0.424,0.457,0.394
2026-05-11,2.847,,,,0,0.197,0.431,0.463,0.395
2026-05-12,2.854,,,,0,0.174,0.427,0.493,0.44
2026-05-13,2.902,,,,0.11,0.243,0.381,0.451,0.424
2026-05-14,2.886,,,,0.085,0.218,0.363,0.447,0.429
2026-05-15,2.927,,,,0.226,0.228,0.303,0.454,0.496
2026-05-18,2.905,,,,0.206,0.238,0.314,0.422,0.441
2026-05-19,2.901,,,,0.239,0.253,0.305,0.396,0.41
2026-05-20,2.892,,,,0.223,0.255,0.314,0.388,0.39
2026-05-21,2.877,,,,0.156,0.298,0.406,0.37,0.278
2026-05-22,2.884,,,,0.159,0.351,0.474,0.356,0.197
2026-05-26,2.852,,,,0.039,0.31,0.512,0.373,0.173
2026-05-27,2.887,,,,0.088,0.238,0.393,0.435,0.391
2026-05-28,2.921,,,,,0.664,0.194,0.321,0.507
2026-05-29,2.88,,,,,0.122,0.423,0.512,0.462
2026-06-01,2.94,,,,,0.679,0.149,0.32,0.611
2026-06-02,2.951,,,,,0.805,0.115,0.27,0.615
2026-06-04,2.982,,,,,0.971,0.035,0.212,0.711
2026-06-05,2.977,,,,,0.885,0.036,0.238,0.749
2026-06-08,2.989,,,,,0.965,0,0.181,0.821
2026-06-09,3.01,,,,,0.89,0.161,0.269,0.72
2026-06-10,3.015,,,,,1,0.092,0.142,0.714
2026-06-11,2.971,,,,,0.607,0.178,0.35,0.748
2026-06-12,2.971,,,,,0.583,0.292,0.384,0.625
2026-06-15,2.936,,,,,0.453,0.3,0.399,0.591
2026-06-16,2.94,,,,,0.519,0.333,0.375,0.531
2026-06-17,2.926,,,,,0.444,0.359,0.406,0.497
2026-06-18,2.937,,,,,0.49,0.356,0.391,0.511
2026-06-19,2.963,,,,,0.585,0.371,0.373,0.522
2026-06-22,2.95,,,,,0.487,0.374,0.407,0.533
2026-06-23,2.936,,,,,0.404,0.376,0.438,0.526
2026-06-24,2.94,,,,,0.461,0.375,0.407,0.518
2026-06-25,2.943,,,,,0.432,0.406,0.441,0.493
2026-06-26,2.953,,,,,0.328,0.469,0.546,0.469
2026-06-29,2.963,,,,,0.314,0.482,0.576,0.479
2026-06-30,2.913,,,,,0,0.46,0.823,0.542
2026-07-01,3.101,,,,,0.505,0.66,0.708,0.529
2026-07-02,3.223,,,,,0.902,0.544,0.504,0.941
2026-07-03,3.204,,,,,0.904,0.51,0.456,0.948
2026-07-06,3.179,,,,,0.887,0.482,0.402,0.944
2026-07-07,3.17,,,,,0.945,0.466,0.333,0.935
2026-07-08,3.17,,,,,0.944,0.478,0.334,0.924
2026-07-09,3.095,,,,,0.627,0.375,0.404,0.972
2026-07-10,3.052,,,,,0.557,0.296,0.351,1
2026-07-13,3.055,,,,,0.408,0.312,0.461,1
2026-07-14,3.077,,,,,0.446,0.341,0.471,1
2026-07-15,3.058,,,,,0.438,0.324,0.44,1
2026-07-16,3.146,,,,,,0,0.595,1
2026-07-20,3.139,,,,,,0,0.524,1
2026-07-21,3.143,,,,,,0.221,0.398,0.954
2026-07-22,3.129,,,,,,0.296,0.302,0.916
2026-07-23,3.129,,,,,,0.376,0.259,0.88
2026-07-24,3.119,,,,,,0.306,0.269,0.898
2026-07-27,3.09,,,,,,0.048,0.361,0.951
2026-07-28,3.083,,,,,,0.127,0.328,0.877
2026-07-29,3.036,,,,,,0,0.345,0.917
2026-07-30,3.026,,,,,,0,0.356,0.928
2026-07-31,2.968,,,,,,0,0.347,0.95
2026-08-03,2.968,,,,,,0,0.277,0.806
2026-08-04,3.006,,,,,,0.053,0.264,0.707
2026-08-05,3.017,,,,,,0.083,0.302,0.682
2026-08-06,2.958,,,,,,0,0.2,0.669
2026-08-07,2.936,,,,,,0,0.17,0.648
2026-08-10,2.925,,,,,,0,0.143,0.599
2026-08-11,2.937,,,,,,0,0.164,0.603
2026-08-12,2.945,,,,,,0,0.195,0.627
2026-08-13,2.973,,,,,,0,0.254,0.639
2026-08-14,3.043,,,,,,0,0.495,1
2026-08-18,3.009,,,,,,0,0.38,0.85
2026-08-19,3.002,,,,,,0,0.351,0.741
2026-08-20,2.995,,,,,,0.037,0.308,0.633
2026-08-21,3.003,,,,,,0.037,0.323,0.654
2026-08-24,2.881,,,,,,0.57,0.02,0
2026-08-25,2.891,,,,,,0.5,0.058,0.004
2026-08-26,2.913,,,,,,0.412,0.115,0.123
