date,delta_0115_bp,delta_0226_bp,delta_0410_bp,delta_0528_bp,delta_0716_bp,delta_0827_bp,delta_1022_bp,delta_1126_bp,delta_next_bp,implied_ye_rate,next_meeting,prob_0115,prob_0226,prob_0410,prob_0528,prob_0716,prob_0827,prob_1022,prob_1126,prob_next_cut,prob_next_hike,r0,rmse_bp
2025-07-01,1.7,-0.5,-3.7,-4.5,,,,,-0.9,2.43,2025-07-10,0.068,0,0,0,,,,,0.034,0,2.54,0.09
2025-07-02,1.9,0.0,-3.2,-3.9,,,,,0.8,2.448,2025-07-10,0.075,0.002,0,0,,,,,0,0.033,2.525,0.23
2025-07-03,5.3,1.8,-4.7,-6.3,,,,,4.9,2.461,2025-07-10,0.213,0.071,0,0,,,,,0,0.198,2.484,0.31
2025-07-04,2.8,1.1,-3.1,-4.1,,,,,2.0,2.466,2025-07-10,0.111,0.043,0,0,,,,,0,0.079,2.495,0.24
2025-07-07,2.6,1.6,-2.3,-3.3,,,,,2.0,2.485,2025-07-10,0.102,0.062,0,0,,,,,0,0.081,2.494,0.39
2025-07-08,3.4,2.3,-2.5,-3.8,,,,,0.4,2.494,2025-07-10,0.135,0.09,0,0,,,,,0,0.017,2.503,0.37
2025-07-09,4.6,2.4,-4.3,-6.2,,,,,-0.2,2.465,2025-07-10,0.185,0.097,0,0,,,,,0.007,0,2.503,0.34
2025-07-10,1.0,1.2,-1.6,-2.4,,,,,-11.4,2.483,2025-08-28,0.04,0.05,0,0,,,,,0.455,0,2.52,0.52
2025-07-11,1.3,1.6,-1.7,-2.5,-2.3,,,,-8.5,2.464,2025-08-28,0.052,0.063,0,0,0,,,,0.341,0,2.51,0.21
2025-07-14,0.6,2.1,0.2,-0.5,-0.5,,,,-8.9,2.519,2025-08-28,0.022,0.083,0.008,0,0,,,,0.355,0,2.515,0.37
2025-07-15,0.2,2.1,0.3,-0.5,-0.4,,,,-7.5,2.516,2025-08-28,0.006,0.083,0.011,0,0,,,,0.299,0,2.51,0.43
2025-07-16,1.1,3.1,0.2,-1.0,-1.0,,,,-5.4,2.524,2025-08-28,0.046,0.123,0.007,0,0,,,,0.217,0,2.5,0.32
2025-07-17,0.7,3.2,0.8,-0.4,-0.4,,,,-4.2,2.54,2025-08-28,0.027,0.129,0.032,0,0,,,,0.167,0,2.495,0.41
2025-07-18,-3.1,1.2,1.8,1.6,1.5,,,,-4.0,2.53,2025-08-28,0,0.047,0.07,0.065,0.059,,,,0.162,0,2.495,0.42
2025-07-21,-9.6,-7.1,-0.9,2.0,2.1,,,,-15.1,2.364,2025-08-28,0,0,0,0.08,0.083,,,,0.603,0,2.49,0.66
2025-07-22,-9.8,-7.5,-1.0,2.1,2.3,,,,-14.5,2.361,2025-08-28,0,0,0,0.086,0.091,,,,0.579,0,2.485,0.43
2025-07-23,-4.3,-2.1,0.1,1.1,1.1,,,,-15.0,2.458,2025-08-28,0,0,0.004,0.043,0.044,,,,0.602,0,2.49,0.51
2025-07-24,-4.8,-4.8,-0.4,2.1,2.2,,,,-12.8,2.443,2025-08-28,0,0,0,0.083,0.089,,,,0.513,0,2.475,0.81
2025-07-25,-5.5,-7.5,-0.3,4.2,4.5,,,,-14.1,2.454,2025-08-28,0,0,0,0.168,0.178,,,,0.563,0,2.485,0.7
2025-07-28,-4.4,-17.3,-3.4,7.5,8.7,,,,-14.3,2.411,2025-08-28,0,0,0,0.3,0.348,,,,0.574,0,2.505,0.7
2025-07-29,-4.4,-21.1,-3.3,11.1,12.8,,,,-12.6,2.45,2025-08-28,0,0,0,0.444,0.51,,,,0.506,0,2.5,0.56
2025-07-30,-0.9,-20.1,-4.7,9.0,10.8,,,,-11.7,2.442,2025-08-28,0,0,0,0.362,0.433,,,,0.469,0,2.5,0.47
2025-07-31,-1.1,-17.6,-4.2,7.8,9.5,,,,-15.0,2.444,2025-08-28,0,0,0,0.313,0.38,,,,0.6,0,2.52,0.45
2025-08-01,2.9,-20.4,-6.0,8.4,10.6,,,,-8.4,2.454,2025-08-28,0.114,0,0,0.336,0.422,,,,0.334,0,2.49,0.58
2025-08-04,0.8,-22.1,-6.1,10.8,13.7,,,,-6.8,2.471,2025-08-28,0.032,0,0,0.432,0.547,,,,0.274,0,2.49,0.55
2025-08-05,1.9,-17.4,-5.6,7.8,10.2,,,,-9.7,2.47,2025-08-28,0.075,0,0,0.313,0.409,,,,0.388,0,2.51,0.54
2025-08-06,2.9,-16.7,-6.8,5.6,8.0,,,,-9.2,2.431,2025-08-28,0.117,0,0,0.226,0.321,,,,0.369,0,2.51,0.63
2025-08-07,3.3,-15.3,-7.2,3.9,6.1,,,,-7.2,2.408,2025-08-28,0.131,0,0,0.155,0.244,,,,0.289,0,2.5,0.71
2025-08-08,3.5,-17.1,-8.7,3.4,5.9,,,,-14.0,2.37,2025-08-28,0.139,0,0,0.135,0.238,,,,0.559,0,2.54,0.09
2025-08-11,4.3,-15.5,-8.9,2.2,4.8,,,,-12.4,2.369,2025-08-28,0.173,0,0,0.089,0.191,,,,0.497,0,2.54,0.41
2025-08-12,5.9,-14.6,-9.5,0.8,3.3,,,,-9.3,2.358,2025-08-28,0.234,0,0,0.033,0.132,,,,0.372,0,2.525,0.85
2025-08-13,6.0,-12.4,-9.0,-0.7,1.4,,,,-8.2,2.351,2025-08-28,0.238,0,0,0,0.055,,,,0.327,0,2.52,0.97
2025-08-14,5.2,-11.6,-8.4,-0.5,1.5,,,,-6.4,2.362,2025-08-28,0.206,0,0,0,0.062,,,,0.255,0,2.51,1.12
2025-08-18,5.0,-9.6,-7.4,-0.6,1.2,,,,-4.8,2.386,2025-08-28,0.199,0,0,0,0.049,,,,0.191,0,2.505,1.3
2025-08-19,5.5,-8.3,-6.9,-1.1,0.6,,,,-4.0,2.398,2025-08-28,0.219,0,0,0,0.023,,,,0.158,0,2.5,1.36
2025-08-20,5.3,-7.9,-6.8,-1.3,0.3,,,,-2.6,2.398,2025-08-28,0.214,0,0,0,0.012,,,,0.103,0,2.49,1.43
2025-08-21,5.6,-7.9,-6.9,-1.3,0.3,,,,2.7,2.397,2025-08-28,0.223,0,0,0,0.01,,,,0,0.108,2.447,1.61
2025-08-22,4.6,-7.4,-5.7,0.2,1.8,1.6,,,-2.9,2.452,2025-08-28,0.185,0,0,0.01,0.072,0.066,,,0.118,0,2.495,1.44
2025-08-25,3.9,-8.2,-5.9,1.0,2.8,2.5,,,-2.0,2.46,2025-08-28,0.155,0,0,0.04,0.112,0.102,,,0.08,0,2.495,1.21
2025-08-26,3.3,-7.9,-5.6,1.1,2.9,2.6,,,-2.6,2.464,2025-08-28,0.132,0,0,0.045,0.115,0.104,,,0.103,0,2.504,1.08
2025-08-27,3.3,-6.7,-6.3,-1.9,-0.5,-0.5,,,-1.2,2.373,2025-08-28,0.13,0,0,0,0,0,,,0.048,0,2.494,0.96
2025-08-28,3.6,-8.8,-8.6,-3.0,-1.2,-1.0,,,-31.2,2.31,2025-10-23,0.144,0,0,0,0,0,,,1,0,2.49,0.87
2025-08-29,1.7,-9.2,-7.9,-2.0,-0.0,0.0,,,-36.8,2.325,2025-10-23,0.067,0,0,0,0,0.001,,,1,0,2.51,1.32
2025-09-01,3.3,-8.6,-8.6,-3.0,-0.8,-0.5,,,-28.4,2.318,2025-10-23,0.131,0,0,0,0,0,,,1,0,2.49,0.17
2025-09-02,5.9,-8.8,-9.6,-3.3,-0.6,-0.3,,,-27.4,2.332,2025-10-23,0.235,0,0,0,0,0,,,1,0,2.49,0.1
2025-09-03,8.9,-8.6,-9.6,-1.3,2.2,2.5,,,-26.3,2.442,2025-10-23,0.357,0,0,0,0.089,0.099,,,1,0,2.49,0.15
2025-09-04,1.5,-8.7,-7.7,-1.4,1.3,1.6,,,-33.5,2.366,2025-10-23,0.061,0,0,0,0.054,0.064,,,1,0,2.515,1.14
2025-09-05,4.2,-8.9,-9.3,-2.3,1.0,1.4,,,-32.1,2.36,2025-10-23,0.167,0,0,0,0.039,0.054,,,1,0,2.515,0.72
2025-09-08,17.2,-10.8,-16.6,-2.6,5.2,6.2,,,-27.4,2.485,2025-10-23,0.687,0,0,0,0.207,0.247,,,1,0,2.515,0.72
2025-09-09,12.7,-10.1,-14.8,-3.0,3.9,4.9,,,-30.8,2.435,2025-10-23,0.507,0,0,0,0.155,0.194,,,1,0,2.53,1.33
2025-09-10,14.4,-9.0,-15.1,-3.1,4.3,5.4,,,-29.1,2.47,2025-10-23,0.577,0,0,0,0.172,0.216,,,1,0,2.53,1.33
2025-09-11,16.1,-8.4,-16.0,-3.4,4.6,5.9,,,-27.5,2.488,2025-10-23,0.643,0,0,0,0.185,0.237,,,1,0,2.53,1.33
2025-09-12,-2.1,-5.5,-5.4,-2.0,0.1,0.5,,,-21.3,2.357,2025-10-23,0,0,0,0,0.004,0.02,,,0.853,0,2.525,0.92
2025-09-15,-0.1,-4.8,-6.3,-2.6,0.1,0.6,,,-19.9,2.37,2025-10-23,0,0,0,0,0.003,0.026,,,0.795,0,2.53,1.12
2025-09-16,0.7,-4.3,-6.7,-2.8,0.2,0.9,,,-16.5,2.38,2025-10-23,0.027,0,0,0,0.008,0.035,,,0.661,0,2.52,0.72
2025-09-17,1.8,-4.2,-7.5,-3.1,0.5,1.3,,,-14.6,2.389,2025-10-23,0.07,0,0,0,0.021,0.053,,,0.586,0,2.515,0.72
2025-09-18,0.7,-4.2,-7.3,-3.8,-0.6,0.2,,,-14.1,2.35,2025-10-23,0.028,0,0,0,0,0.006,,,0.563,0,2.515,0.72
2025-09-19,4.1,-4.7,-9.9,-4.1,1.1,2.3,,,-15.8,2.387,2025-10-23,0.164,0,0,0,0.042,0.091,,,0.632,0,2.525,1.12
2025-09-22,10.6,-3.5,-14.3,-7.8,-0.5,1.5,,,-15.2,2.359,2025-10-23,0.422,0,0,0,0,0.059,,,0.61,0,2.53,1.33
2025-09-23,11.9,-3.0,-14.9,-7.7,0.6,2.8,,,-14.8,2.397,2025-10-23,0.475,0,0,0,0.025,0.111,,,0.59,0,2.53,1.33
2025-09-24,13.0,-1.9,-14.4,-7.3,1.3,3.6,,,-14.6,2.443,2025-10-23,0.519,0,0,0,0.053,0.143,,,0.585,0,2.53,1.13
2025-09-25,15.6,-0.9,-15.1,-6.6,3.7,6.3,,,-14.4,2.531,2025-10-23,0.624,0,0,0,0.147,0.252,,,0.575,0,2.53,0.94
2025-09-26,15.5,-0.9,-15.1,-5.8,5.4,8.3,,,-14.0,2.575,2025-10-23,0.621,0,0,0,0.218,0.333,,,0.562,0,2.53,0.77
2025-09-29,13.7,-0.5,-15.2,-7.7,2.7,5.6,,,-12.3,2.486,2025-10-23,0.549,0,0,0,0.108,0.222,,,0.491,0,2.53,0.35
2025-09-30,13.9,0.4,-14.7,-8.0,2.1,4.9,,,-11.5,2.486,2025-10-23,0.555,0.014,0,0,0.084,0.198,,,0.462,0,2.53,0.25
2025-10-01,12.2,0.9,-13.1,-7.0,2.4,5.1,,,-10.6,2.504,2025-10-23,0.486,0.035,0,0,0.096,0.203,,,0.425,0,2.53,0.08
2025-10-02,2.0,1.4,-3.3,-3.6,-2.6,-2.3,,,-9.9,2.416,2025-10-23,0.078,0.057,0,0,0,0,,,0.395,0,2.53,0.03
2025-10-10,0.0,1.8,-2.3,-3.2,-2.9,-2.7,,,-5.3,2.408,2025-10-23,0.001,0.072,0,0,0,0,,,0.212,0,2.53,0.14
2025-10-13,-0.9,1.2,-2.3,-3.4,-3.1,-2.9,,,-4.4,2.386,2025-10-23,0,0.047,0,0,0,0,,,0.174,0,2.53,0.28
2025-10-14,-0.2,1.0,-3.3,-3.7,-2.1,-1.5,,,-4.1,2.402,2025-10-23,0,0.04,0,0,0,0,,,0.165,0,2.53,0.33
2025-10-15,-0.6,1.1,-2.7,-3.4,-2.5,-2.1,,,-3.2,2.399,2025-10-23,0,0.044,0,0,0,0,,,0.129,0,2.525,0.37
2025-10-16,1.3,4.6,-5.3,-5.5,-0.5,1.2,,,-0.5,2.46,2025-10-23,0.052,0.185,0,0,0,0.048,,,0.02,0,2.505,0.4
2025-10-17,-2.9,7.1,-4.2,-5.7,-0.8,0.9,0.8,,-1.5,2.452,2025-10-23,0,0.285,0,0,0,0.035,0.031,,0.059,0,2.513,0.45
2025-10-20,-5.7,7.3,-3.0,-5.5,-0.8,1.0,1.0,,-3.1,2.444,2025-10-23,0,0.293,0,0,0,0.042,0.038,,0.126,0,2.532,0.17
2025-10-21,-7.7,10.0,-0.3,-4.0,-0.0,1.7,1.5,,-1.0,2.512,2025-10-23,0,0.401,0,0,0,0.067,0.061,,0.041,0,2.513,0.17
2025-10-22,-11.0,7.2,-1.9,-6.5,-3.9,-2.5,-2.2,,-1.8,2.291,2025-10-23,0,0.287,0,0,0,0,0,,0.074,0,2.521,0.13
2025-10-23,-4.5,4.4,-2.8,-5.8,-3.4,-2.0,-1.8,,-16.6,2.34,2025-11-27,0,0.174,0,0,0,0,0,,0.664,0,2.525,0.92
2025-10-24,-6.9,2.4,0.6,-2.3,-3.6,-3.8,-3.5,,-15.9,2.327,2025-11-27,0,0.096,0.024,0,0,0,0,,0.636,0,2.525,0.92
2025-10-27,-12.9,7.4,2.7,-2.7,-2.7,-2.2,-2.0,,-14.3,2.378,2025-11-27,0,0.296,0.11,0,0,0,0,,0.573,0,2.535,0.31
2025-10-28,-11.5,10.2,1.1,-5.4,-2.1,0.3,0.4,,-14.9,2.431,2025-11-27,0,0.409,0.044,0,0,0.011,0.018,,0.598,0,2.54,0.32
2025-10-29,-12.6,17.9,0.0,-10.8,-3.1,2.2,2.6,,-13.5,2.462,2025-11-27,0,0.717,0.001,0,0,0.09,0.103,,0.541,0,2.535,0.17
2025-10-30,-13.0,27.2,-1.3,-17.5,-4.0,5.5,6.0,,-13.0,2.529,2025-11-27,0,1,0,0,0,0.218,0.241,,0.521,0,2.535,0.03
2025-10-31,-13.2,21.1,0.8,-12.9,-5.4,0.7,1.4,,-12.6,2.424,2025-11-27,0,0.843,0.032,0,0,0.03,0.055,,0.504,0,2.535,0.02
2025-11-03,-16.0,23.4,1.8,-14.6,-5.1,3.5,4.4,,-10.0,2.476,2025-11-27,0,0.936,0.073,0,0,0.139,0.177,,0.402,0,2.53,0.54
2025-11-04,-16.4,22.9,3.7,-12.9,-5.3,2.3,3.3,,-9.6,2.476,2025-11-27,0,0.918,0.146,0,0,0.092,0.131,,0.382,0,2.53,0.64
2025-11-05,-16.8,23.9,4.0,-13.8,-5.7,2.6,3.7,,-7.8,2.479,2025-11-27,0,0.956,0.159,0,0,0.105,0.149,,0.31,0,2.52,0.58
2025-11-06,-17.7,28.0,5.9,-14.3,-4.8,5.2,6.5,,-5.8,2.588,2025-11-27,0,1,0.236,0,0,0.209,0.261,,0.233,0,2.51,0.67
2025-11-07,-16.0,32.3,7.6,-15.8,-6.0,5.1,6.7,,-7.3,2.638,2025-11-27,0,1,0.303,0,0,0.204,0.267,,0.293,0,2.52,0.54
2025-11-10,-16.1,25.3,9.1,-10.9,-6.2,1.4,2.7,,-6.4,2.553,2025-11-27,0,1,0.363,0,0,0.056,0.11,,0.255,0,2.52,0.72
2025-11-11,-16.0,20.0,8.2,-8.6,-6.1,-0.6,0.5,,-6.1,2.473,2025-11-27,0,0.799,0.328,0,0,0,0.019,,0.244,0,2.52,0.77
2025-11-12,-5.4,13.5,4.9,-5.9,-4.3,-0.6,0.2,,-4.9,2.524,2025-11-27,0,0.538,0.197,0,0,0,0.007,,0.197,0,2.52,0.59
2025-11-13,-5.6,17.3,6.2,-7.6,-5.1,0.0,1.1,,-4.7,2.564,2025-11-27,0,0.693,0.25,0,0,0.001,0.043,,0.189,0,2.52,0.63
2025-11-14,-0.6,17.2,3.7,-10.7,-7.1,-0.7,0.6,,-2.4,2.524,2025-11-27,0,0.686,0.149,0,0,0,0.026,,0.098,0,2.52,0.07
2025-11-17,-1.0,16.3,4.3,-10.2,-7.5,-1.5,-0.0,,-2.2,2.503,2025-11-27,0,0.653,0.171,0,0,0,0,,0.087,0,2.52,0.11
2025-11-18,-0.5,14.3,1.1,-13.1,-8.1,0.1,2.0,,-1.8,2.458,2025-11-27,0,0.573,0.044,0,0,0.005,0.08,,0.071,0,2.52,0.01
2025-11-19,-0.6,13.1,1.1,-12.2,-7.5,0.3,2.2,,-1.7,2.463,2025-11-27,0,0.524,0.042,0,0,0.014,0.086,,0.068,0,2.52,0.0
2025-11-20,-1.0,12.8,1.6,-11.5,-7.2,0.3,2.1,,-0.8,2.472,2025-11-27,0,0.513,0.063,0,0,0.013,0.084,,0.031,0,2.513,0.03
2025-11-21,-0.7,5.8,1.2,-4.9,-4.0,-1.5,-0.8,-0.7,-1.9,2.444,2025-11-27,0,0.232,0.046,0,0,0,0,0,0.078,0,2.523,0.0
2025-11-24,-0.9,6.5,1.5,-5.2,-3.8,-0.3,0.5,0.5,-1.9,2.487,2025-11-27,0,0.259,0.061,0,0,0,0.021,0.019,0.074,0,2.524,0.01
2025-11-25,-1.0,5.5,1.4,-4.5,-3.5,-0.5,0.2,0.2,-1.7,2.477,2025-11-27,0,0.219,0.054,0,0,0,0.009,0.008,0.067,0,2.523,0.01
2025-11-26,-1.0,3.2,0.6,-3.2,-2.3,-0.3,0.2,0.2,-3.6,2.475,2025-11-27,0,0.13,0.025,0,0,0,0.01,0.009,0.143,0,2.542,0.01
2025-11-27,0.1,10.4,4.1,-5.2,-2.8,2.4,3.5,3.2,0.1,2.657,2026-01-15,0.006,0.417,0.163,0,0,0.096,0.14,0.129,0,0.006,2.52,0.11
2025-11-28,1.3,8.2,4.7,-4.4,-3.4,0.5,1.5,1.4,1.3,2.598,2026-01-15,0.052,0.33,0.188,0,0,0.019,0.06,0.057,0,0.052,2.52,0.14
2025-12-01,-1.5,11.8,3.4,-6.7,-4.5,1.8,3.7,3.7,-1.5,2.617,2026-01-15,0,0.471,0.134,0,0,0.07,0.15,0.147,0.06,0,2.53,0.32
2025-12-02,2.4,7.5,-2.7,-4.8,-1.8,2.1,3.3,3.2,2.4,2.593,2026-01-15,0.096,0.3,0,0,0,0.086,0.133,0.129,0,0.096,2.525,0.15
2025-12-03,2.3,6.6,-4.3,-3.1,-0.5,1.6,2.2,2.1,2.3,2.568,2026-01-15,0.091,0.263,0,0,0,0.064,0.086,0.083,0,0.091,2.525,0.15
2025-12-04,0.9,7.8,-7.9,-1.9,0.5,-0.6,-1.1,-1.1,0.9,2.466,2026-01-15,0.035,0.312,0,0,0.019,0,0,0,0,0.035,2.53,0.19
2025-12-05,2.0,6.1,-7.8,-1.8,1.0,0.5,0.1,0.0,2.0,2.502,2026-01-15,0.079,0.246,0,0,0.041,0.022,0.004,0.001,0,0.079,2.525,0.14
2025-12-08,1.4,7.7,-5.5,-3.8,0.9,4.7,5.9,5.8,1.4,2.67,2026-01-15,0.055,0.308,0,0,0.037,0.188,0.235,0.231,0,0.055,2.525,0.1
2025-12-09,-0.0,9.9,0.5,-6.4,-3.1,4.6,8.1,8.3,-0.0,2.72,2026-01-15,0,0.398,0.02,0,0,0.185,0.323,0.333,0.002,0,2.53,0.11
2025-12-10,-0.1,9.3,0.9,-7.0,-2.0,8.9,13.9,14.2,-0.1,2.882,2026-01-15,0,0.373,0.038,0,0,0.358,0.556,0.568,0.003,0,2.53,0.11
2025-12-11,-0.1,8.5,-0.5,-4.7,0.2,8.5,12.3,12.4,-0.1,2.867,2026-01-15,0,0.342,0,0,0.007,0.341,0.49,0.497,0.002,0,2.53,0.1
2025-12-12,-0.0,7.7,-9.1,-2.1,5.7,8.8,9.2,8.8,-0.0,2.79,2026-01-15,0,0.307,0,0,0.226,0.352,0.368,0.354,0.001,0,2.53,0.1
2025-12-15,-0.1,4.0,-6.2,-4.2,1.5,6.3,8.3,8.4,-0.1,2.679,2026-01-15,0,0.159,0,0,0.06,0.252,0.331,0.335,0.003,0,2.53,0.11
2025-12-16,-3.1,4.0,3.4,-6.6,-5.6,5.0,11.8,13.0,-3.1,2.719,2026-01-15,0,0.16,0.137,0,0,0.201,0.471,0.518,0.125,0,2.55,0.48
2025-12-17,-1.1,2.1,7.4,-7.2,-8.7,4.0,12.8,14.6,-1.1,2.74,2026-01-15,0,0.082,0.298,0,0,0.159,0.514,0.582,0.042,0,2.54,0.08
2025-12-18,1.0,-2.3,4.6,-2.9,-5.1,0.5,4.9,5.8,1.0,2.565,2026-01-15,0.041,0,0.183,0,0,0.02,0.195,0.232,0,0.041,2.54,0.26
2025-12-19,1.1,-2.2,6.1,-2.0,-5.3,-0.2,4.2,5.2,1.1,2.569,2026-01-15,0.042,0,0.245,0,0,0,0.168,0.208,0,0.042,2.54,0.25
2025-12-22,1.0,-2.1,4.5,-1.8,-4.8,-0.6,3.4,4.4,1.0,2.54,2026-01-15,0.042,0,0.179,0,0,0,0.135,0.174,0,0.042,2.54,0.22
2025-12-23,-1.8,0.3,3.6,-1.3,-3.9,-1.4,1.2,1.9,-1.8,2.486,2026-01-15,0,0.012,0.145,0,0,0,0.048,0.076,0.074,0,2.555,0.13
2025-12-24,-1.8,0.2,6.8,-1.8,-6.5,-1.8,3.3,4.6,-1.8,2.53,2026-01-15,0,0.008,0.273,0,0,0,0.13,0.184,0.071,0,2.555,0.11
2025-12-26,-1.7,0.0,10.7,-1.3,-9.5,-4.2,2.5,4.5,-1.7,2.51,2026-01-15,0,0.001,0.426,0,0,0,0.102,0.178,0.067,0,2.555,0.08
2025-12-29,-1.5,-0.2,7.1,-1.6,-8.3,-5.0,0.1,1.7,-1.5,2.423,2026-01-15,0,0,0.284,0,0,0,0.004,0.066,0.06,0,2.555,0.04
2025-12-30,-1.4,-0.3,6.4,-0.0,-5.2,-2.1,2.3,3.6,-1.4,2.532,2026-01-15,0,0,0.257,0,0,0,0.091,0.143,0.058,0,2.555,0.03
2026-01-02,-0.5,-0.9,-4.4,0.2,4.2,2.5,-0.4,-1.3,-0.5,2.494,2026-01-15,0,0,0,0.01,0.167,0.099,0,0,0.021,0,2.55,0.02
2026-01-05,-0.4,-1.0,-4.5,-0.4,3.6,2.6,0.2,-0.6,-0.4,2.495,2026-01-15,0,0,0,0,0.144,0.103,0.007,0,0.018,0,2.55,0.02
2026-01-06,0.5,-0.4,-2.2,0.4,2.9,2.4,1.0,0.5,0.5,2.551,2026-01-15,0.019,0,0,0.015,0.118,0.097,0.04,0.02,0,0.019,2.54,0.07
2026-01-07,0.2,0.2,-3.8,-0.4,3.4,2.7,0.6,-0.1,0.2,2.527,2026-01-15,0.009,0.008,0,0,0.135,0.106,0.024,0,0,0.009,2.54,0.13
2026-01-08,-0.3,0.4,-4.2,0.3,5.0,3.1,-0.6,-1.8,-0.3,2.52,2026-01-15,0,0.016,0,0.014,0.2,0.123,0,0,0.012,0,2.544,0.14
2026-01-09,-3.6,1.3,-2.0,-0.7,1.9,3.3,3.8,3.9,-3.6,2.58,2026-01-15,0,0.05,0,0,0.077,0.133,0.154,0.157,0.143,0,2.571,0.19
2026-01-12,-4.4,1.1,-3.6,1.5,4.8,5.9,5.6,4.4,-4.4,2.654,2026-01-15,0,0.046,0,0.06,0.191,0.237,0.223,0.177,0.176,0,2.581,0.14
2026-01-13,-4.2,1.0,-3.2,2.6,4.6,5.5,5.3,4.3,-4.2,2.66,2026-01-15,0,0.04,0,0.103,0.184,0.22,0.214,0.172,0.166,0,2.58,0.13
2026-01-14,-5.0,1.1,-5.0,1.9,5.1,5.5,4.4,3.3,-5.0,2.613,2026-01-15,0,0.044,0,0.077,0.204,0.219,0.175,0.13,0.199,0,2.589,0.1
2026-01-15,,-1.6,1.1,2.1,4.9,7.8,9.3,8.0,-1.6,2.816,2026-02-26,,0,0.046,0.083,0.196,0.311,0.373,0.322,0.066,0,2.55,0.42
2026-01-16,,-1.5,-0.0,0.3,4.8,8.3,9.8,8.4,-1.5,2.802,2026-02-26,,0,0,0.013,0.194,0.331,0.392,0.338,0.06,0,2.55,0.42
2026-01-19,,-1.4,0.2,1.9,5.5,8.4,9.7,8.4,-1.4,2.827,2026-02-26,,0,0.009,0.076,0.22,0.336,0.388,0.335,0.057,0,2.55,0.42
2026-01-20,,-1.3,-0.1,1.3,5.8,8.7,9.6,8.1,-1.3,2.821,2026-02-26,,0,0,0.052,0.233,0.349,0.383,0.326,0.054,0,2.55,0.42
2026-01-21,,-1.3,-0.4,-1.6,3.5,7.5,9.4,8.3,-1.3,2.754,2026-02-26,,0,0,0,0.138,0.299,0.375,0.333,0.051,0,2.55,0.42
2026-01-22,,-1.3,0.1,3.5,1.6,3.1,6.1,6.0,-1.3,2.691,2026-02-26,,0,0.006,0.138,0.062,0.124,0.245,0.241,0.052,0,2.55,0.42
2026-01-23,,-1.3,0.3,9.4,1.7,1.8,6.9,7.5,-1.3,2.764,2026-02-26,,0,0.013,0.375,0.069,0.073,0.278,0.299,0.052,0,2.55,0.42
2026-01-26,,-1.1,-0.2,10.5,-0.0,-0.1,8.1,9.9,-1.1,2.77,2026-02-26,,0,0,0.419,0,0,0.324,0.398,0.045,0,2.55,0.42
2026-01-27,,-1.2,0.1,11.5,-0.5,-0.7,9.0,11.5,-1.2,2.796,2026-02-26,,0,0.005,0.459,0,0,0.36,0.459,0.048,0,2.55,0.4
2026-01-28,,-1.3,0.3,4.1,1.7,3.4,7.9,8.5,-1.3,2.747,2026-02-26,,0,0.012,0.164,0.069,0.135,0.317,0.341,0.05,0,2.55,0.39
2026-01-29,,-1.2,0.2,7.9,0.7,1.0,8.3,10.1,-1.2,2.77,2026-02-26,,0,0.009,0.315,0.027,0.04,0.331,0.406,0.048,0,2.55,0.38
2026-01-30,,-1.2,0.2,12.0,1.0,-0.3,8.8,11.6,-1.2,2.821,2026-02-26,,0,0.006,0.479,0.04,0,0.352,0.465,0.047,0,2.55,0.38
2026-02-02,,-1.2,0.4,11.0,1.5,-0.2,8.4,11.5,-1.2,2.814,2026-02-26,,0,0.016,0.439,0.06,0,0.334,0.462,0.048,0,2.55,0.34
2026-02-03,,-1.2,0.5,11.8,2.2,0.0,8.7,12.1,-1.2,2.841,2026-02-26,,0,0.019,0.474,0.088,0.001,0.347,0.483,0.049,0,2.55,0.33
2026-02-04,,-1.2,0.5,14.1,2.5,-1.2,8.1,12.2,-1.2,2.85,2026-02-26,,0,0.02,0.565,0.1,0,0.323,0.489,0.049,0,2.55,0.31
2026-02-05,,-1.2,0.5,17.0,2.9,-2.9,6.9,11.9,-1.2,2.852,2026-02-26,,0,0.021,0.679,0.117,0,0.278,0.475,0.048,0,2.55,0.3
2026-02-06,,-1.2,0.5,22.5,2.8,-6.1,7.2,14.6,-1.2,2.902,2026-02-26,,0,0.021,0.899,0.11,0,0.288,0.584,0.048,0,2.55,0.29
2026-02-09,,-1.1,0.4,18.3,4.9,-2.8,6.3,12.0,-1.1,2.88,2026-02-26,,0,0.018,0.733,0.196,0,0.252,0.479,0.046,0,2.55,0.25
2026-02-10,,-1.1,0.4,13.7,5.1,-0.3,5.8,9.5,-1.1,2.831,2026-02-26,,0,0.016,0.549,0.204,0,0.231,0.382,0.045,0,2.55,0.24
2026-02-11,,-1.1,0.5,9.6,4.0,1.5,7.8,11.3,-1.1,2.836,2026-02-26,,0,0.019,0.383,0.162,0.06,0.314,0.452,0.045,0,2.55,0.23
2026-02-12,,-1.1,0.5,10.3,2.9,-1.0,6.3,10.8,-1.1,2.788,2026-02-26,,0,0.021,0.412,0.116,0,0.251,0.433,0.044,0,2.55,0.22
2026-02-13,,-1.1,0.6,9.8,3.7,-0.2,5.0,8.4,-1.1,2.762,2026-02-26,,0,0.022,0.39,0.149,0,0.199,0.338,0.044,0,2.55,0.21
2026-02-19,,0.1,0.2,8.6,4.1,0.3,5.3,9.2,0.1,2.777,2026-02-26,,0.005,0.008,0.345,0.163,0.011,0.21,0.368,0,0.005,2.541,0.13
2026-02-20,,1.3,-0.1,7.2,3.6,0.7,5.6,9.3,1.3,2.776,2026-02-26,,0.054,0,0.288,0.144,0.028,0.222,0.373,0,0.054,2.531,0.11
2026-02-23,,1.2,0.2,7.7,3.5,-0.2,5.0,9.6,1.2,2.771,2026-02-26,,0.047,0.008,0.308,0.142,0,0.202,0.385,0,0.047,2.531,0.12
2026-02-24,,0.0,0.4,8.7,4.3,0.0,5.3,10.1,0.0,2.788,2026-02-26,,0.002,0.015,0.347,0.173,0.001,0.212,0.403,0,0.002,2.541,0.12
2026-02-25,,-1.1,0.5,6.9,4.6,2.1,5.8,9.1,-1.1,2.778,2026-02-26,,0,0.018,0.274,0.183,0.082,0.234,0.362,0.044,0,2.552,0.13
2026-02-26,,,0.7,4.3,3.0,1.9,5.2,7.9,0.7,2.73,2026-04-10,,,0.029,0.172,0.118,0.074,0.209,0.316,0,0.029,2.54,0.13
2026-02-27,,,0.7,4.1,3.2,2.0,4.4,6.3,0.7,2.707,2026-04-10,,,0.028,0.166,0.126,0.081,0.175,0.251,0,0.028,2.54,0.13
2026-03-03,,,-0.9,7.1,15.6,1.2,3.8,11.4,-0.9,2.882,2026-04-10,,,0,0.283,0.623,0.049,0.15,0.457,0.037,0,2.545,0.26
2026-03-04,,,-0.8,5.3,16.5,1.3,3.7,12.1,-0.8,2.881,2026-04-10,,,0,0.212,0.66,0.054,0.147,0.482,0.033,0,2.545,0.19
2026-03-05,,,-0.5,1.2,11.9,4.2,4.6,8.4,-0.5,2.799,2026-04-10,,,0,0.049,0.475,0.17,0.185,0.334,0.019,0,2.545,0.14
2026-03-06,,,-0.5,2.0,16.1,0.8,1.2,8.9,-0.5,2.785,2026-04-10,,,0,0.08,0.644,0.034,0.047,0.357,0.022,0,2.545,0.15
2026-03-09,,,-0.3,-0.3,18.9,7.1,5.6,11.5,-0.3,2.925,2026-04-10,,,0,0,0.756,0.284,0.225,0.458,0.011,0,2.545,0.12
2026-03-10,,,-0.2,-1.0,12.2,4.3,3.9,8.8,-0.2,2.779,2026-04-10,,,0,0,0.487,0.171,0.155,0.35,0.007,0,2.545,0.11
2026-03-11,,,-0.2,-0.8,14.0,1.0,0.1,8.2,-0.2,2.724,2026-04-10,,,0,0,0.562,0.041,0.005,0.327,0.008,0,2.545,0.11
2026-03-12,,,-2.3,1.8,15.8,1.7,-0.5,7.2,-2.3,2.738,2026-04-10,,,0,0.074,0.634,0.07,0,0.286,0.092,0,2.555,0.46
2026-03-13,,,-2.3,1.9,21.0,3.9,1.4,11.6,-2.3,2.875,2026-04-10,,,0,0.077,0.838,0.157,0.056,0.464,0.092,0,2.555,0.44
2026-03-16,,,-2.2,1.5,12.0,7.1,6.8,11.5,-2.2,2.867,2026-04-10,,,0,0.061,0.478,0.284,0.274,0.459,0.089,0,2.555,0.36
2026-03-17,,,-2.2,1.5,20.3,7.2,2.8,10.5,-2.2,2.9,2026-04-10,,,0,0.058,0.813,0.286,0.11,0.421,0.087,0,2.555,0.34
2026-03-18,,,-0.2,-0.7,17.7,5.8,2.9,12.3,-0.2,2.879,2026-04-10,,,0,0,0.71,0.231,0.117,0.491,0.008,0,2.545,0.1
2026-03-19,,,-0.2,-0.6,28.7,5.1,-2.4,14.1,-0.2,2.947,2026-04-10,,,0,0,1,0.203,0,0.563,0.008,0,2.545,0.09
2026-03-20,,,-0.2,-0.6,25.9,15.1,10.8,20.0,-0.2,3.21,2026-04-10,,,0,0,1,0.605,0.433,0.798,0.008,0,2.545,0.09
2026-03-23,,,1.5,-1.7,21.1,24.5,20.3,16.0,1.5,3.316,2026-04-10,,,0.059,0,0.845,0.978,0.811,0.638,0,0.059,2.535,0.06
2026-03-24,,,1.4,-1.6,9.6,18.9,22.5,20.3,1.4,3.212,2026-04-10,,,0.057,0,0.385,0.755,0.901,0.813,0,0.057,2.535,0.04
2026-03-25,,,1.4,-1.4,9.8,17.1,21.2,21.9,1.4,3.199,2026-04-10,,,0.055,0,0.394,0.683,0.847,0.876,0,0.055,2.535,0.03
2026-03-26,,,1.3,-1.3,19.9,12.9,10.6,21.9,1.3,3.154,2026-04-10,,,0.053,0,0.797,0.516,0.425,0.877,0,0.053,2.535,0.02
2026-03-27,,,1.3,-1.2,29.6,13.7,4.4,19.6,1.3,3.173,2026-04-10,,,0.051,0,1,0.548,0.174,0.783,0,0.051,2.535,0.02
2026-03-30,,,1.2,-1.0,17.2,14.6,12.7,20.1,1.2,3.148,2026-04-10,,,0.047,0,0.687,0.584,0.507,0.804,0,0.047,2.535,0.02
2026-03-31,,,1.2,-0.9,19.9,14.9,10.9,19.3,1.2,3.152,2026-04-10,,,0.047,0,0.795,0.595,0.435,0.773,0,0.047,2.535,0.02
2026-04-01,,,1.1,-0.8,13.5,8.3,6.4,17.1,1.1,2.957,2026-04-10,,,0.045,0,0.542,0.332,0.258,0.684,0,0.045,2.535,0.03
2026-04-02,,,1.1,-0.8,20.8,12.0,5.1,16.1,1.1,3.042,2026-04-10,,,0.044,0,0.831,0.478,0.204,0.642,0,0.044,2.535,0.04
2026-04-03,,,6.6,-2.5,16.7,11.8,7.8,17.5,6.6,3.08,2026-04-10,,,0.266,0,0.668,0.472,0.312,0.698,0,0.266,2.49,0.1
2026-04-06,,,6.3,-1.4,14.0,11.8,9.3,16.9,6.3,3.068,2026-04-10,,,0.251,0,0.559,0.471,0.371,0.677,0,0.251,2.488,0.0
2026-04-07,,,7.7,-1.3,16.4,12.7,8.4,16.8,7.7,3.107,2026-04-10,,,0.309,0,0.654,0.51,0.335,0.672,0,0.309,2.473,0.01
2026-04-08,,,7.4,-0.9,11.1,10.4,9.2,15.7,7.4,3.028,2026-04-10,,,0.295,0,0.443,0.415,0.368,0.626,0,0.295,2.474,0.04
2026-04-09,,,3.6,0.8,11.5,9.6,8.4,16.7,3.6,3.006,2026-04-10,,,0.143,0.033,0.458,0.385,0.336,0.667,0,0.143,2.503,0.0
2026-04-10,,,,8.0,12.4,8.5,7.8,17.3,8.0,3.039,2026-05-28,,,,0.319,0.495,0.34,0.311,0.693,0,0.319,2.51,1.26
2026-04-13,,,,7.4,11.8,10.4,10.6,18.3,7.4,3.085,2026-05-28,,,,0.296,0.474,0.414,0.425,0.732,0,0.296,2.51,1.22
2026-04-14,,,,7.2,10.0,9.1,10.3,18.1,7.2,3.047,2026-05-28,,,,0.288,0.399,0.363,0.413,0.723,0,0.288,2.51,1.21
2026-04-15,,,,7.0,9.7,9.5,10.7,16.9,7.0,3.038,2026-05-28,,,,0.281,0.39,0.38,0.428,0.675,0,0.281,2.51,1.2
2026-04-16,,,,6.8,14.4,9.9,5.6,13.5,6.8,3.002,2026-05-28,,,,0.274,0.576,0.397,0.223,0.538,0,0.274,2.51,1.19
2026-04-17,,,,6.5,15.2,14.1,4.2,12.1,6.5,3.021,2026-05-28,,,,0.259,0.609,0.564,0.166,0.484,0,0.259,2.51,1.19
2026-04-20,,,,5.8,7.6,22.2,0.8,9.7,5.8,2.961,2026-05-28,,,,0.234,0.303,0.89,0.031,0.388,0,0.234,2.51,1.19
2026-04-21,,,,5.7,5.8,25.9,-0.6,8.8,5.7,2.956,2026-05-28,,,,0.23,0.23,1,0,0.352,0,0.23,2.51,1.18
2026-04-22,,,,5.6,5.3,32.9,-1.2,6.8,5.6,2.994,2026-05-28,,,,0.223,0.211,1,0,0.274,0,0.223,2.51,1.18
2026-04-23,,,,3.3,8.4,39.8,-1.2,5.4,3.3,3.057,2026-05-28,,,,0.131,0.336,1,0,0.217,0,0.131,2.52,0.78
2026-04-24,,,,6.4,15.0,22.7,4.4,12.4,6.4,3.109,2026-05-28,,,,0.255,0.598,0.91,0.177,0.495,0,0.255,2.52,0.72
2026-04-27,,,,4.3,13.5,24.9,3.9,10.6,4.3,3.072,2026-05-28,,,,0.174,0.541,0.995,0.157,0.423,0,0.174,2.527,0.41
2026-04-28,,,,4.3,12.2,21.8,8.2,13.7,4.3,3.102,2026-05-28,,,,0.171,0.486,0.873,0.328,0.55,0,0.171,2.527,0.41
2026-04-29,,,,4.3,10.9,21.8,8.3,14.0,4.3,3.092,2026-05-28,,,,0.171,0.436,0.871,0.331,0.56,0,0.171,2.527,0.35
2026-04-30,,,,4.2,10.2,28.2,7.1,12.9,4.2,3.126,2026-05-28,,,,0.168,0.408,1,0.285,0.516,0,0.168,2.527,0.29
2026-05-04,,,,3.7,8.1,27.0,9.0,13.7,3.7,3.114,2026-05-28,,,,0.149,0.325,1,0.358,0.546,0,0.149,2.527,0.06
2026-05-06,,,,4.4,4.8,22.6,11.3,14.1,4.4,3.072,2026-05-28,,,,0.176,0.191,0.903,0.453,0.566,0,0.176,2.527,0.09
2026-05-07,,,,4.2,4.9,21.5,8.6,10.9,4.2,3.001,2026-05-28,,,,0.169,0.195,0.861,0.342,0.435,0,0.169,2.527,0.05
2026-05-08,,,,3.2,5.8,21.7,9.4,10.6,3.2,3.007,2026-05-28,,,,0.127,0.23,0.87,0.375,0.426,0,0.127,2.533,0.07
2026-05-11,,,,3.2,9.0,15.9,10.7,14.9,3.2,3.038,2026-05-28,,,,0.129,0.359,0.635,0.429,0.597,0,0.129,2.535,0.11
2026-05-12,,,,3.6,9.2,19.0,12.6,16.7,3.6,3.111,2026-05-28,,,,0.143,0.37,0.761,0.503,0.666,0,0.143,2.535,0.24
2026-05-13,,,,3.4,9.2,14.9,8.3,15.4,3.4,3.011,2026-05-28,,,,0.137,0.366,0.594,0.331,0.614,0,0.137,2.535,0.27
2026-05-14,,,,3.3,9.1,16.0,10.0,15.2,3.3,3.036,2026-05-28,,,,0.132,0.363,0.641,0.401,0.608,0,0.132,2.535,0.29
2026-05-15,,,,4.0,11.4,14.0,9.9,18.2,4.0,3.075,2026-05-28,,,,0.16,0.455,0.558,0.397,0.727,0,0.16,2.535,0.56
2026-05-18,,,,5.2,11.3,13.1,10.9,18.2,5.2,3.087,2026-05-28,,,,0.209,0.453,0.523,0.438,0.726,0,0.209,2.52,0.44
2026-05-19,,,,4.8,13.2,11.8,9.1,17.3,4.8,3.062,2026-05-28,,,,0.194,0.527,0.47,0.365,0.692,0,0.194,2.52,0.4
2026-05-20,,,,5.2,11.6,15.1,10.5,15.7,5.2,3.081,2026-05-28,,,,0.209,0.463,0.604,0.419,0.629,0,0.209,2.52,0.09
2026-05-21,,,,4.9,11.8,16.4,9.2,12.8,4.9,3.051,2026-05-28,,,,0.198,0.47,0.656,0.369,0.512,0,0.198,2.52,0.06
2026-05-22,,,,3.5,12.2,14.8,10.1,13.5,3.5,3.04,2026-05-28,,,,0.14,0.488,0.591,0.402,0.54,0,0.14,2.53,0.06
2026-05-26,,,,1.7,12.1,16.5,11.7,11.5,1.7,3.035,2026-05-28,,,,0.069,0.485,0.661,0.466,0.46,0,0.069,2.54,0.1
2026-05-27,,,,0.6,12.0,26.3,10.6,3.7,0.6,3.032,2026-05-28,,,,0.023,0.479,1,0.426,0.148,0,0.023,2.55,0.14
2026-05-28,,,,,12.4,35.0,14.6,1.0,12.4,3.129,2026-07-16,,,,,0.494,1,0.583,0.039,0,0.494,2.55,0.3
2026-05-29,,,,,15.1,35.6,17.3,-1.6,15.1,3.164,2026-07-16,,,,,0.604,1,0.692,0,0,0.604,2.535,0.97
2026-06-01,,,,,19.3,34.7,22.4,-3.4,19.3,3.23,2026-07-16,,,,,0.773,1,0.896,0,0,0.773,2.527,1.26
2026-06-02,,,,,19.4,31.0,17.8,7.9,19.4,3.261,2026-07-16,,,,,0.776,1,0.712,0.316,0,0.776,2.53,1.12
2026-06-04,,,,,20.2,39.5,6.3,18.3,20.2,3.343,2026-07-16,,,,,0.809,1,0.252,0.731,0,0.809,2.527,1.26
2026-06-05,,,,,21.7,36.1,8.2,19.6,21.7,3.355,2026-07-16,,,,,0.867,1,0.327,0.784,0,0.867,2.518,1.65
2026-06-08,,,,,18.6,47.0,3.0,18.1,18.6,3.367,2026-07-16,,,,,0.745,1,0.122,0.723,0,0.745,2.518,1.64
2026-06-09,,,,,17.1,46.8,-0.1,17.0,17.1,3.309,2026-07-16,,,,,0.684,1,0,0.681,0,0.684,2.52,1.54
2026-06-10,,,,,27.0,6.5,55.4,6.0,27.0,3.448,2026-07-16,,,,,1,0.258,1,0.24,0,1,2.52,1.54
2026-06-11,,,,,26.8,33.4,18.1,9.3,26.8,3.377,2026-07-16,,,,,1,1,0.725,0.372,0,1,2.52,1.53
2026-06-12,,,,,23.8,34.4,0.2,15.3,23.8,3.237,2026-07-16,,,,,0.95,1,0.009,0.612,0,0.95,2.53,1.12
2026-06-15,,,,,21.3,33.6,4.7,10.7,21.3,3.203,2026-07-16,,,,,0.85,1,0.189,0.429,0,0.85,2.53,1.12
2026-06-16,,,,,20.6,33.0,2.6,10.3,20.6,3.165,2026-07-16,,,,,0.822,1,0.103,0.414,0,0.822,2.53,1.12
2026-06-17,,,,,20.1,31.8,11.4,8.2,20.1,3.215,2026-07-16,,,,,0.806,1,0.454,0.328,0,0.806,2.53,0.85
2026-06-18,,,,,19.6,31.1,24.2,10.1,19.6,3.349,2026-07-16,,,,,0.784,1,0.966,0.403,0,0.784,2.53,0.59
2026-06-19,,,,,20.7,25.8,25.6,11.7,20.7,3.338,2026-07-16,,,,,0.828,1,1,0.468,0,0.828,2.53,0.28
2026-06-22,,,,,18.3,26.6,30.6,11.5,18.3,3.37,2026-07-16,,,,,0.733,1,1,0.459,0,0.733,2.53,0.4
2026-06-23,,,,,17.5,27.0,27.1,12.7,17.5,3.344,2026-07-16,,,,,0.701,1,1,0.51,0,0.701,2.53,0.59
2026-06-24,,,,,14.9,28.8,27.5,10.1,14.9,3.312,2026-07-16,,,,,0.594,1,1,0.405,0,0.594,2.54,0.98
2026-06-25,,,,,17.8,26.3,23.1,10.5,17.8,3.278,2026-07-16,,,,,0.713,1,0.926,0.418,0,0.713,2.54,0.72
2026-06-26,,,,,17.0,26.7,25.5,6.8,17.0,3.261,2026-07-16,,,,,0.682,1,1,0.273,0,0.682,2.54,0.89
2026-06-29,,,,,14.8,28.2,24.8,8.3,14.8,3.261,2026-07-16,,,,,0.593,1,0.992,0.33,0,0.593,2.54,1.32
2026-06-30,,,,,12.7,30.5,20.6,8.3,12.7,3.222,2026-07-16,,,,,0.51,1,0.825,0.33,0,0.51,2.545,1.39
2026-07-01,,,,,12.6,30.6,33.2,7.7,12.6,3.34,2026-07-16,,,,,0.503,1,1,0.309,0,0.503,2.545,1.8
2026-07-02,,,,,14.7,27.5,26.2,12.4,14.7,3.308,2026-07-16,,,,,0.589,1,1,0.496,0,0.589,2.545,0.5
2026-07-03,,,,,13.3,33.5,18.5,9.6,13.3,3.25,2026-07-16,,,,,0.534,1,0.742,0.386,0,0.534,2.545,0.32
2026-07-06,,,,,10.8,35.5,16.5,9.0,10.8,3.218,2026-07-16,,,,,0.431,1,0.658,0.36,0,0.431,2.545,0.06
2026-07-07,,,,,10.1,35.6,15.7,7.9,10.1,3.194,2026-07-16,,,,,0.404,1,0.629,0.317,0,0.404,2.545,0.04
2026-07-08,,,,,14.5,25.1,16.8,9.4,14.5,3.159,2026-07-16,,,,,0.582,1,0.674,0.374,0,0.582,2.545,0.34
2026-07-09,,,,,20.6,24.4,15.2,8.1,20.6,3.183,2026-07-16,,,,,0.823,0.976,0.609,0.325,0,0.823,2.501,0.56
2026-07-10,,,,,18.5,23.0,9.2,10.6,18.5,3.113,2026-07-16,,,,,0.74,0.921,0.366,0.425,0,0.74,2.543,0.43
2026-07-13,,,,,15.5,22.0,14.2,13.4,15.5,3.151,2026-07-16,,,,,0.621,0.879,0.567,0.537,0,0.621,2.56,0.72
2026-07-14,,,,,18.5,23.9,5.9,13.6,18.5,3.119,2026-07-16,,,,,0.741,0.957,0.236,0.543,0,0.741,2.574,0.03
2026-07-15,,,,,22.7,18.3,6.2,15.3,22.7,3.125,2026-07-16,,,,,0.909,0.733,0.248,0.611,0,0.909,2.546,0.12
2026-07-16,,,,,,11.0,11.2,19.7,11.0,3.168,2026-08-27,,,,,,0.439,0.447,0.787,0,0.439,2.775,0.5
2026-07-20,,,,,,9.9,9.8,21.4,9.9,3.161,2026-08-27,,,,,,0.397,0.39,0.856,0,0.397,2.775,0.41
2026-07-21,,,,,,14.5,11.6,18.7,14.5,3.198,2026-08-27,,,,,,0.58,0.463,0.748,0,0.58,2.75,0.56
2026-07-22,,,,,,20.5,16.6,16.8,20.5,3.289,2026-08-27,,,,,,0.821,0.665,0.67,0,0.821,2.725,1.35
2026-07-23,,,,,,20.4,17.3,17.6,20.4,3.302,2026-08-27,,,,,,0.815,0.692,0.703,0,0.815,2.725,1.32
2026-07-24,,,,,,26.7,13.1,15.0,26.7,3.298,2026-08-27,,,,,,1,0.523,0.6,0,1,2.72,1.51
2026-07-27,,,,,,23.8,12.0,10.0,23.8,3.208,2026-08-27,,,,,,0.95,0.481,0.4,0,0.95,2.725,1.3
2026-07-28,,,,,,23.3,10.6,11.0,23.3,3.199,2026-08-27,,,,,,0.933,0.423,0.44,0,0.933,2.725,1.0
2026-07-29,,,,,,22.8,10.0,8.2,22.8,3.16,2026-08-27,,,,,,0.912,0.4,0.328,0,0.912,2.725,0.71
2026-07-30,,,,,,21.6,6.7,22.6,21.6,3.259,2026-08-27,,,,,,0.865,0.267,0.904,0,0.865,2.725,0.45
2026-07-31,,,,,,21.2,5.7,20.3,21.2,3.223,2026-08-27,,,,,,0.849,0.228,0.814,0,0.849,2.725,0.19
2026-08-03,,,,,,14.0,19.8,6.7,14.0,3.155,2026-08-27,,,,,,0.559,0.793,0.269,0,0.559,2.75,1.07
2026-08-04,,,,,,13.2,21.1,5.2,13.2,3.145,2026-08-27,,,,,,0.53,0.843,0.206,0,0.53,2.75,1.2
2026-08-05,,,,,,11.3,28.4,-1.1,11.3,3.136,2026-08-27,,,,,,0.451,1,0,0,0.451,2.75,1.16
2026-08-06,,,,,,11.3,25.9,4.9,11.3,3.17,2026-08-27,,,,,,0.452,1,0.195,0,0.452,2.75,0.89
2026-08-07,,,,,,12.5,23.8,9.0,12.5,3.203,2026-08-27,,,,,,0.502,0.951,0.36,0,0.502,2.74,0.81
2026-08-10,,,,,,11.0,24.3,14.2,11.0,3.244,2026-08-27,,,,,,0.439,0.971,0.567,0,0.439,2.74,1.1
2026-08-11,,,,,,6.8,24.8,12.7,6.8,3.193,2026-08-27,,,,,,0.27,0.991,0.509,0,0.27,2.77,1.02
2026-08-12,,,,,,8.6,29.5,-4.5,8.6,3.086,2026-08-27,,,,,,0.343,1,0,0,0.343,2.77,1.36
2026-08-13,,,,,,15.7,2.8,27.6,15.7,3.211,2026-08-27,,,,,,0.626,0.114,1,0,0.626,2.77,0.54
2026-08-14,,,,,,17.6,16.1,16.4,17.6,3.251,2026-08-27,,,,,,0.705,0.643,0.654,0,0.705,2.77,0.29
2026-08-18,,,,,,19.2,6.4,29.5,19.2,3.301,2026-08-27,,,,,,0.766,0.257,1,0,0.766,2.77,0.03
2026-08-19,,,,,,22.9,9.9,12.9,22.9,3.207,2026-08-27,,,,,,0.914,0.396,0.518,0,0.914,2.76,0.37
2026-08-20,,,,,,26.3,9.5,17.2,26.3,3.28,2026-08-27,,,,,,1,0.379,0.689,0,1,2.726,0.37
2026-08-21,,,,,,26.3,11.0,12.8,26.3,3.251,2026-08-27,,,,,,1,0.439,0.512,0,1,2.727,0.4
2026-08-24,,,,,,23.4,14.6,4.7,23.4,3.178,2026-08-27,,,,,,0.937,0.586,0.19,0,0.937,2.74,0.3
2026-08-25,,,,,,25.0,9.2,7.9,25.0,3.17,2026-08-27,,,,,,0.998,0.368,0.314,0,0.998,2.74,0.18
2026-08-26,,,,,,24.4,2.7,14.2,24.4,3.163,2026-08-27,,,,,,0.975,0.106,0.569,0,0.975,2.738,0.17
2026-08-27,,,,,,,4.2,14.3,4.2,3.185,2026-10-22,,,,,,,0.169,0.572,0,0.169,3.0,0.77
2026-08-28,,,,,,,3.6,19.1,3.6,3.226,2026-10-22,,,,,,,0.143,0.763,0,0.143,3.0,0.77
