h_months,expected_short_rate,expected_base_rate
1,3.059,3.077
2,3.124,3.142
3,3.177,3.196
4,3.221,3.239
5,3.255,3.273
6,3.281,3.299
7,3.299,3.317
8,3.31,3.328
9,3.314,3.332
10,3.313,3.331
11,3.307,3.325
12,3.297,3.315
13,3.282,3.3
14,3.264,3.282
15,3.244,3.262
16,3.22,3.238
17,3.194,3.212
18,3.167,3.185
19,3.138,3.156
20,3.107,3.126
21,3.076,3.094
22,3.044,3.062
23,3.012,3.03
24,2.979,2.997
25,2.946,2.964
26,2.913,2.931
27,2.88,2.898
28,2.848,2.866
29,2.816,2.834
30,2.784,2.802
31,2.753,2.771
32,2.722,2.74
33,2.692,2.71
34,2.663,2.681
35,2.635,2.653
36,2.607,2.625
