date,gap_3m_bp,gap_6m_bp,gap_1y_bp,ois1w_minus_kofr_bp,call_minus_base_bp
2022-04-01,-13.0,27.2,22.9,5.0,-1.2
2022-04-04,-16.1,27.8,21.0,-1.5,0.0
2022-04-05,-14.0,28.4,24.0,-11.3,3.0
2022-04-06,-2.6,28.0,21.2,0.8,-0.9
2022-04-07,-2.5,25.8,18.8,15.8,-7.2
2022-04-08,-19.4,25.8,19.6,6.6,-9.2
2022-04-11,-26.7,28.8,25.7,0.3,-8.2
2022-04-12,-26.4,23.2,16.3,0.8,-6.8
2022-04-13,-26.7,19.9,8.2,3.0,-10.9
2022-04-14,-29.0,27.4,16.3,-23.7,-16.7
2022-04-15,-22.8,31.2,22.4,-19.3,-6.8
2022-04-18,-2.7,32.7,27.3,3.7,-10.5
2022-04-19,-5.4,30.0,27.2,7.9,-10.1
2022-04-20,-12.7,30.8,30.6,1.0,-12.5
2022-04-21,-12.2,32.0,33.9,5.3,-10.8
2022-04-22,-16.6,33.7,35.0,-4.6,-5.1
2022-04-25,-10.0,32.0,33.2,-4.1,-8.2
2022-04-26,-3.2,33.5,35.5,1.8,-11.5
2022-04-27,-3.8,38.0,40.1,12.8,-14.1
2022-04-28,-15.5,39.5,48.0,5.0,-15.3
2022-04-29,-19.6,41.4,45.3,-23.7,3.0
2022-05-02,-10.0,41.6,46.4,-9.9,-4.6
2022-05-03,0.2,42.4,49.3,17.8,-5.8
2022-05-04,-16.5,42.4,49.9,2.4,-5.1
2022-05-06,-16.2,42.2,48.4,0.6,-8.5
2022-05-09,-14.4,41.9,48.5,5.4,-16.0
2022-05-10,-19.0,41.4,53.6,-4.9,-14.3
2022-05-11,-12.9,40.8,50.1,1.0,-2.2
2022-05-12,-13.5,42.2,48.8,4.8,-7.6
2022-05-13,-18.3,41.9,49.1,0.8,-10.1
2022-05-16,-21.8,45.6,53.0,0.9,-4.1
2022-05-17,-22.6,44.2,53.8,-11.9,-2.6
2022-05-18,-10.8,43.4,52.4,0.9,-1.0
2022-05-19,-11.3,42.5,50.7,-8.3,0.0
2022-05-20,-2.2,38.9,47.0,-6.7,2.6
2022-05-23,5.2,37.1,44.8,0.1,1.5
2022-05-24,6.5,37.8,44.0,8.7,-0.9
2022-05-25,-1.4,42.0,46.3,-3.8,0.7
2022-05-26,-15.8,33.0,46.8,-23.6,-6.3
2022-05-27,6.4,34.1,46.7,4.0,0.8
2022-05-30,4.0,34.4,47.3,3.2,-1.8
2022-05-31,1.0,35.2,49.3,-12.7,11.3
2022-06-02,15.3,35.2,50.9,19.1,-4.1
2022-06-03,13.2,37.1,48.3,25.8,-10.2
2022-06-07,13.0,43.3,50.1,19.1,-27.4
2022-06-08,13.8,43.4,42.5,20.1,-19.2
2022-06-09,14.0,38.7,38.4,-12.8,4.3
2022-06-10,13.9,39.5,34.9,-2.7,-0.3
2022-06-13,6.3,47.8,48.5,8.5,-1.1
2022-06-14,-0.1,46.7,50.3,7.5,-5.8
2022-06-15,-7.8,39.9,46.7,1.4,-9.0
2022-06-16,-11.9,39.5,52.2,-2.6,-5.2
2022-06-17,-9.0,39.2,51.4,1.5,-1.7
2022-06-20,-9.5,35.9,42.7,4.2,-3.2
2022-06-21,-10.9,34.5,35.8,2.7,-3.5
2022-06-22,-10.8,37.5,34.7,1.0,-3.3
2022-06-23,-10.5,39.9,39.1,-0.0,0.4
2022-06-24,-8.1,38.2,33.4,-11.0,9.2
2022-06-27,3.7,38.1,30.1,-0.8,7.5
2022-06-28,6.5,41.6,32.0,2.1,7.8
2022-06-29,4.6,39.0,31.1,2.0,5.8
2022-06-30,2.5,38.3,21.7,-82.0,58.7
2022-07-01,87.2,36.0,17.8,103.0,-2.7
2022-07-04,-18.8,34.8,11.5,25.8,-9.0
2022-07-05,-43.5,31.5,6.1,-29.2,-6.8
2022-07-06,-11.3,33.0,7.3,1.6,-1.3
2022-07-07,-12.1,29.9,6.6,9.6,-0.9
2022-07-08,-23.0,27.6,0.6,3.7,-1.8
2022-07-11,-27.7,25.2,0.3,-14.6,7.0
2022-07-12,-10.7,29.8,3.1,-2.3,8.2
2022-07-13,-30.1,31.8,6.6,-26.3,-20.9
2022-07-14,-31.5,39.0,4.5,1.1,-5.4
2022-07-15,-23.5,37.7,6.1,6.9,-7.3
2022-07-18,-15.3,38.0,1.5,1.4,-7.9
2022-07-19,-13.7,38.2,4.5,-2.4,-5.4
2022-07-20,-10.5,41.9,8.2,6.9,-7.7
2022-07-21,-14.3,42.1,10.0,-10.7,-4.4
2022-07-22,1.3,39.3,9.0,6.7,-6.2
2022-07-25,-3.7,36.5,4.7,-0.2,-6.7
2022-07-26,-1.4,34.0,2.6,4.3,-2.6
2022-07-27,-3.8,39.9,1.7,12.4,-13.6
2022-07-28,-15.0,42.8,1.5,4.2,-10.7
2022-07-29,-16.0,38.3,-3.1,-22.7,9.1
2022-08-01,6.1,37.5,0.2,9.8,-1.2
2022-08-02,-0.3,35.7,0.1,9.8,-6.0
2022-08-03,-8.5,38.0,3.4,7.6,-8.8
2022-08-04,-13.2,39.2,8.3,3.8,-2.9
2022-08-05,-13.2,37.6,9.9,0.0,-0.8
2022-08-08,-12.4,39.0,10.7,-3.1,-2.4
2022-08-09,-6.6,39.0,11.9,1.0,-0.7
2022-08-10,-5.6,40.2,13.6,2.6,-3.3
2022-08-11,-5.2,39.3,14.9,-1.9,-3.5
2022-08-12,-1.4,37.4,14.0,8.7,-0.4
2022-08-16,-5.4,34.7,13.7,5.1,-7.4
2022-08-17,-9.6,35.2,12.7,4.8,-7.5
2022-08-18,-14.1,34.9,11.6,1.7,-4.4
2022-08-19,-15.5,33.2,10.4,-3.7,-0.9
2022-08-22,-11.1,33.1,12.7,-0.7,-3.3
2022-08-23,-9.9,30.4,13.4,6.3,-3.6
2022-08-24,-17.0,29.3,12.7,-1.3,0.8
2022-08-25,-28.6,32.5,14.9,-23.1,-5.1
2022-08-26,-5.0,30.2,14.9,10.1,-7.4
2022-08-29,-14.5,28.0,21.0,7.8,-7.9
2022-08-30,-18.6,27.9,23.1,1.7,-7.2
2022-08-31,-19.2,29.2,24.4,-14.2,4.8
2022-09-01,-3.9,29.0,25.7,15.7,0.2
2022-09-02,-13.5,25.0,19.6,8.7,1.4
2022-09-05,-15.0,26.0,20.3,5.5,-6.4
2022-09-06,-22.2,28.3,21.5,0.2,-9.5
2022-09-07,-18.5,27.3,21.1,3.0,-1.0
2022-09-08,-15.3,24.5,20.1,-16.5,11.0
2022-09-13,4.6,26.0,20.9,10.8,2.0
2022-09-14,-5.4,31.8,27.8,5.5,1.7
2022-09-15,-10.4,42.3,39.7,4.4,0.6
2022-09-16,-12.3,43.5,40.0,3.9,1.4
2022-09-19,-13.1,44.5,41.1,4.6,0.1
2022-09-20,-14.7,45.7,44.2,2.9,2.6
2022-09-21,-16.1,46.6,42.0,0.6,5.8
2022-09-22,12.8,45.5,50.4,1.3,3.0
2022-09-23,5.2,41.7,43.0,-1.1,4.7
2022-09-26,1.2,40.9,43.5,3.4,3.7
2022-09-27,6.4,33.2,32.1,3.6,2.6
2022-09-28,4.5,33.4,31.6,2.3,3.1
2022-09-29,4.8,40.4,31.0,1.2,4.6
2022-09-30,11.9,43.8,32.0,-11.7,30.4
2022-10-04,19.5,41.0,35.1,11.5,4.3
2022-10-05,18.0,43.2,36.9,2.2,1.0
2022-10-06,18.8,44.5,36.1,12.3,5.2
2022-10-07,17.7,53.5,49.8,-3.0,18.0
2022-10-11,36.0,54.0,53.7,23.3,28.4
2022-10-12,7.3,59.8,56.5,-6.8,11.4
2022-10-13,14.0,67.2,57.2,4.8,12.7
2022-10-14,16.0,76.3,63.5,13.7,7.1
2022-10-17,14.5,80.9,66.7,1.5,5.0
2022-10-18,14.7,87.8,72.0,4.7,8.1
2022-10-19,13.7,91.2,76.0,2.0,7.9
2022-10-20,13.1,88.8,74.5,1.1,13.2
2022-10-21,12.2,84.2,74.2,5.1,10.7
2022-10-24,11.0,78.4,69.8,4.6,13.4
2022-10-25,9.8,68.5,61.9,3.3,14.8
2022-10-26,8.9,63.3,58.7,4.7,12.7
2022-10-27,2.7,56.5,50.8,15.1,7.2
2022-10-28,-0.9,48.2,41.6,6.2,4.7
2022-10-31,-5.2,50.0,40.2,0.2,19.0
2022-11-01,-4.8,44.1,37.8,7.4,8.5
2022-11-02,-6.7,44.1,35.6,17.0,3.1
2022-11-03,-9.4,53.0,41.4,4.7,4.5
2022-11-04,-9.6,49.7,40.5,8.3,-0.8
2022-11-07,-12.4,51.7,41.2,3.0,-2.3
2022-11-08,-12.6,46.7,38.6,1.2,-0.7
2022-11-09,-8.5,38.9,32.7,4.2,-1.4
2022-11-10,-9.3,36.5,24.1,-18.3,9.0
2022-11-11,-5.8,34.5,22.7,4.8,7.0
2022-11-14,-10.5,34.4,20.4,11.7,7.8
2022-11-15,-9.8,31.4,17.2,2.8,3.1
2022-11-16,-11.4,31.7,19.0,6.5,3.8
2022-11-17,-12.4,33.9,19.9,4.4,2.9
2022-11-18,-13.5,39.4,24.5,4.8,2.6
2022-11-21,-12.5,41.2,31.3,2.6,4.5
2022-11-22,-12.5,41.7,29.6,2.9,7.0
2022-11-23,-11.7,45.2,30.0,4.8,8.2
2022-11-24,-5.5,35.5,22.8,4.5,2.4
2022-11-25,-5.1,30.5,17.9,9.4,3.0
2022-11-28,-13.4,29.2,16.1,7.6,5.6
2022-11-29,-16.9,29.4,15.2,8.9,0.7
2022-11-30,-20.6,27.4,14.5,4.6,11.6
2022-12-01,-19.8,31.2,14.3,1.7,2.5
2022-12-02,-4.1,32.7,14.9,14.0,-3.3
2022-12-05,-7.3,29.7,16.9,7.6,-2.6
2022-12-06,-9.1,22.5,13.8,0.0,-8.7
2022-12-07,-8.2,20.8,14.2,4.7,-1.5
2022-12-08,-10.1,20.4,13.5,-19.2,4.5
2022-12-09,-11.4,22.2,14.1,-13.7,4.1
2022-12-12,1.8,23.5,19.8,2.6,3.2
2022-12-13,0.5,22.5,19.2,5.0,-1.4
2022-12-14,1.5,19.9,14.8,7.1,-2.1
2022-12-15,-0.2,19.2,8.3,10.4,-2.0
2022-12-16,-1.4,18.5,7.2,9.0,-1.4
2022-12-19,-3.9,19.0,7.5,5.4,-5.6
2022-12-20,-7.3,21.8,11.4,4.4,-8.9
2022-12-21,-7.4,19.0,10.5,5.9,-3.8
2022-12-22,-8.0,17.6,7.6,5.0,-4.2
2022-12-23,-9.5,19.5,8.9,2.2,-0.6
2022-12-26,-11.0,20.5,10.2,5.0,1.9
2022-12-27,-17.4,19.0,9.8,4.9,0.2
2022-12-28,-18.0,14.4,5.0,4.2,-6.3
2022-12-29,-19.1,13.7,2.0,0.0,-3.8
2023-01-02,-18.3,18.2,6.9,1.0,4.1
2023-01-03,-13.3,18.0,9.5,25.8,-13.1
2023-01-04,-10.5,18.3,9.0,1.8,-21.8
2023-01-05,-6.6,21.2,11.3,12.0,-17.5
2023-01-06,-5.8,22.5,14.3,3.8,-13.2
2023-01-09,-3.3,16.4,6.6,4.5,-11.8
2023-01-10,-4.0,16.0,4.2,-3.2,-8.4
2023-01-11,-3.6,14.2,-0.1,14.8,-1.8
2023-01-12,13.0,15.3,1.7,19.8,4.9
2023-01-13,12.1,15.9,4.3,4.1,-7.3
2023-01-16,5.6,10.5,-3.7,10.4,-10.6
2023-01-17,4.5,10.7,-2.1,6.4,-13.1
2023-01-18,-3.2,5.3,3.3,9.8,-13.5
2023-01-19,-4.8,7.9,4.2,5.0,-11.3
2023-01-20,-4.6,9.1,6.7,-6.6,-2.0
2023-01-25,6.8,5.5,5.3,8.8,-6.5
2023-01-26,4.4,3.9,2.8,6.5,-3.7
2023-01-27,3.6,6.6,3.2,16.3,-14.3
2023-01-30,-4.7,5.3,1.6,25.9,-12.9
2023-01-31,-25.5,7.9,0.8,4.4,-15.7
2023-02-01,-22.1,4.4,-0.9,-8.3,-13.0
2023-02-02,-6.1,-1.7,-7.7,15.5,-23.0
2023-02-03,-14.5,-3.0,-8.6,-9.1,-1.2
2023-02-06,-2.4,1.6,-5.7,5.8,-1.3
2023-02-07,-2.2,1.5,-0.4,-16.9,0.6
2023-02-08,20.9,3.5,2.2,6.3,-1.7
2023-02-09,21.6,6.7,6.8,21.2,-6.6
2023-02-10,6.6,4.6,7.4,4.9,-10.1
2023-02-13,5.4,3.8,5.3,5.3,-9.8
2023-02-14,4.7,1.8,4.0,10.3,-9.7
2023-02-15,-2.1,6.9,6.9,5.8,-7.2
2023-02-16,-3.2,4.9,5.4,6.2,-10.3
2023-02-17,-7.9,4.9,5.3,5.2,-6.4
2023-02-20,-8.4,5.5,7.6,5.5,-8.5
2023-02-21,-7.4,2.2,3.6,6.0,-10.5
2023-02-22,-8.3,5.2,4.5,5.6,-7.7
2023-02-23,-7.3,7.1,3.2,1.1,-4.4
2023-02-24,-2.7,9.8,4.8,5.7,-6.8
2023-02-27,-7.2,14.6,14.8,10.3,-7.2
2023-02-28,-13.2,11.6,14.8,5.2,-4.0
2023-03-02,-13.7,9.3,10.7,11.1,-9.3
2023-03-03,-18.1,5.6,6.9,5.0,-13.4
2023-03-06,-17.2,7.1,6.3,16.7,-16.3
2023-03-07,-26.6,10.2,8.7,-8.1,-7.2
2023-03-08,-13.7,12.8,15.6,5.7,-4.2
2023-03-09,3.5,10.4,12.6,-11.9,-6.0
2023-03-10,6.5,11.5,12.6,1.5,-7.1
2023-03-13,10.3,10.5,0.5,10.1,-6.5
2023-03-14,13.8,14.4,2.4,5.3,-8.4
2023-03-15,15.6,14.4,4.3,6.9,-13.0
2023-03-16,17.1,13.8,4.9,6.3,-6.1
2023-03-17,17.2,15.8,5.4,6.1,-7.4
2023-03-20,21.3,14.5,2.0,5.3,-2.1
2023-03-21,21.7,16.8,8.3,5.5,-3.6
2023-03-22,23.2,20.0,13.2,6.5,-6.7
2023-03-23,23.9,17.2,10.7,4.1,-5.0
2023-03-24,24.7,15.4,6.0,6.4,-8.1
2023-03-27,24.7,16.3,6.8,6.0,-10.2
2023-03-28,25.4,17.0,8.0,10.3,-6.0
2023-03-29,26.5,18.4,8.4,4.3,-7.3
2023-03-30,29.2,17.1,10.2,5.3,-0.7
2023-03-31,30.5,20.4,15.5,-18.7,6.9
2023-04-03,30.9,21.4,13.8,-6.4,-5.1
2023-04-04,32.9,21.6,13.0,12.5,-5.9
2023-04-05,33.4,22.2,12.7,5.9,-3.7
2023-04-06,35.0,21.0,12.1,13.3,-10.0
2023-04-07,35.1,20.7,11.1,9.6,-9.7
2023-04-10,36.4,16.3,9.3,4.5,-8.1
2023-04-11,36.3,16.7,10.3,5.3,-4.8
2023-04-12,36.2,14.1,10.1,5.4,-7.0
2023-04-13,36.3,11.1,5.8,5.9,-6.2
2023-04-14,36.4,12.9,5.3,-7.7,-0.9
2023-04-17,21.1,14.3,9.9,1.9,-2.2
2023-04-18,21.1,15.1,13.1,5.5,-3.1
2023-04-19,20.7,18.2,15.0,13.5,-7.2
2023-04-20,20.2,18.0,16.0,13.7,-1.3
2023-04-21,20.4,19.7,15.7,-3.2,1.2
2023-04-24,20.5,20.0,15.5,-7.1,0.3
2023-04-25,22.0,21.9,17.5,-7.2,1.2
2023-04-26,22.3,22.0,17.7,-3.5,-0.1
2023-04-27,21.2,23.3,20.3,-3.4,-1.3
2023-04-28,21.7,21.1,18.7,-8.3,4.9
2023-05-02,21.3,20.4,19.6,-1.1,1.2
2023-05-03,20.6,19.2,16.1,-5.6,4.1
2023-05-04,21.2,19.9,13.8,-3.1,2.9
2023-05-08,22.5,21.3,15.5,-7.7,9.1
2023-05-09,22.9,20.4,15.4,-44.2,15.6
2023-05-10,24.6,22.0,18.2,-41.7,6.7
2023-05-11,27.1,23.0,17.7,-2.3,5.9
2023-05-12,27.0,21.4,16.2,1.3,4.8
2023-05-15,26.2,17.3,11.3,1.7,8.0
2023-05-16,24.8,15.4,6.6,-1.9,9.8
2023-05-17,23.3,16.1,5.8,0.5,10.0
2023-05-18,21.8,15.1,8.6,-3.5,12.7
2023-05-19,18.8,11.8,4.9,-2.2,10.3
2023-05-22,20.6,11.4,3.4,5.2,8.9
2023-05-23,18.8,15.6,6.4,7.2,5.9
2023-05-24,18.6,16.9,8.4,7.6,5.1
2023-05-25,16.0,17.1,8.5,3.5,10.3
2023-05-26,13.2,15.0,6.9,9.2,5.7
2023-05-30,12.0,16.4,7.9,15.2,3.7
2023-05-31,10.7,16.6,6.9,5.5,4.3
2023-06-01,11.9,17.6,7.4,12.3,5.0
2023-06-02,12.5,16.6,6.8,11.5,0.4
2023-06-05,7.7,17.4,8.0,8.4,-1.3
2023-06-07,8.2,16.6,8.5,7.3,-0.9
2023-06-08,6.5,18.7,11.5,0.9,6.1
2023-06-09,8.5,17.7,11.4,-0.9,6.9
2023-06-12,10.2,18.7,13.2,3.5,6.0
2023-06-13,12.0,18.8,14.9,8.2,3.9
2023-06-14,11.4,18.3,14.4,8.7,3.2
2023-06-15,10.3,19.3,16.0,5.7,8.0
2023-06-16,10.7,17.9,16.0,2.9,9.2
2023-06-19,10.5,15.8,13.6,2.9,10.5
2023-06-20,11.0,16.0,14.9,5.9,9.1
2023-06-21,11.7,15.5,13.8,4.8,10.5
2023-06-22,12.3,16.3,13.0,8.3,7.8
2023-06-23,12.0,16.2,12.7,4.4,11.7
2023-06-26,12.5,15.6,13.3,6.3,5.9
2023-06-27,12.7,15.1,11.6,13.0,2.0
2023-06-28,11.5,15.5,12.0,15.0,3.1
2023-06-29,8.5,16.2,12.9,10.6,3.4
2023-06-30,5.5,14.1,11.6,-22.3,26.7
2023-07-03,10.0,12.9,11.9,14.8,-0.4
2023-07-04,7.9,13.7,11.9,12.3,-4.6
2023-07-05,7.3,14.2,11.9,12.3,-1.2
2023-07-06,6.7,15.3,13.9,12.0,4.2
2023-07-07,4.2,13.6,16.7,6.6,8.8
2023-07-10,-4.6,11.9,14.1,-0.1,8.2
2023-07-11,-2.6,8.4,11.4,3.5,5.6
2023-07-12,-1.4,8.5,10.8,10.1,2.7
2023-07-13,0.2,7.9,7.1,7.6,1.4
2023-07-14,1.3,8.5,7.0,12.1,0.7
2023-07-17,0.3,8.5,7.5,10.5,0.6
2023-07-18,-1.0,10.3,10.2,9.5,1.0
2023-07-19,-0.6,11.8,11.3,8.6,0.2
2023-07-20,-2.0,12.5,11.3,2.4,2.8
2023-07-21,-2.6,12.0,13.1,4.0,-1.9
2023-07-24,-2.0,12.8,15.3,10.1,-0.2
2023-07-25,-2.7,13.3,15.2,8.9,-1.0
2023-07-26,-2.6,12.5,13.7,10.5,-1.7
2023-07-27,-2.0,10.5,11.8,11.8,-5.4
2023-07-28,-5.4,11.5,10.3,8.6,-3.9
2023-07-31,-7.0,11.2,11.2,1.5,-1.2
2023-08-01,-5.6,11.2,11.4,6.7,-4.5
2023-08-02,-6.3,11.0,10.3,8.2,-6.4
2023-08-03,-6.8,11.1,10.7,8.2,-5.0
2023-08-04,-7.1,9.8,9.6,5.1,0.3
2023-08-07,-6.7,9.3,9.2,-0.8,3.5
2023-08-08,-4.3,9.4,9.5,-1.0,-1.5
2023-08-09,-2.4,10.2,9.4,0.6,-1.3
2023-08-10,-0.6,10.0,9.4,-3.7,9.2
2023-08-11,3.0,8.1,7.8,-0.6,7.6
2023-08-14,4.2,8.5,8.1,3.2,8.0
2023-08-16,6.6,9.1,9.0,4.8,6.9
2023-08-17,7.1,12.1,12.7,7.6,5.7
2023-08-18,8.8,10.5,13.1,8.3,4.7
2023-08-21,6.7,9.7,11.9,10.3,4.5
2023-08-22,5.1,9.6,13.1,9.2,4.0
2023-08-23,4.6,9.0,12.4,5.5,6.0
2023-08-24,4.5,9.4,12.4,3.5,7.2
2023-08-25,4.8,11.0,12.8,0.7,6.5
2023-08-28,5.6,10.2,12.4,0.8,6.3
2023-08-29,7.0,9.0,12.3,0.9,6.4
2023-08-30,7.9,7.5,11.1,0.6,7.7
2023-08-31,8.2,7.2,10.3,-1.7,12.0
2023-09-01,9.1,7.8,10.1,-1.1,6.7
2023-09-04,8.2,8.3,9.0,6.6,4.5
2023-09-05,6.1,9.1,9.1,5.6,1.0
2023-09-06,4.9,9.8,11.5,5.6,-0.4
2023-09-07,2.7,11.7,12.6,4.4,4.0
2023-09-08,0.6,12.7,13.8,-5.5,9.3
2023-09-11,0.0,12.1,13.7,-0.9,10.2
2023-09-12,1.1,11.0,14.9,0.1,9.7
2023-09-13,2.5,10.8,14.6,2.8,9.2
2023-09-14,4.6,10.2,13.1,5.0,8.7
2023-09-15,5.8,10.9,11.9,6.9,8.0
2023-09-18,5.2,12.1,13.1,8.8,8.3
2023-09-19,4.6,13.0,15.2,6.5,10.9
2023-09-20,4.4,13.2,15.7,6.3,11.9
2023-09-21,3.6,14.4,15.8,5.6,9.4
2023-09-22,4.3,13.9,13.1,2.0,11.8
2023-09-25,4.8,14.1,12.6,6.8,13.0
2023-09-26,4.8,14.8,13.1,2.3,12.0
2023-09-27,6.1,15.5,12.8,-31.3,32.9
2023-10-04,11.5,23.2,24.6,16.9,5.5
2023-10-05,11.4,17.3,13.9,25.3,2.7
2023-10-06,-6.0,14.9,9.9,12.6,0.2
2023-10-10,-9.6,15.5,9.1,9.4,-2.9
2023-10-11,-9.4,14.7,7.8,9.4,-2.7
2023-10-12,-8.5,14.0,9.1,8.5,1.2
2023-10-13,-10.9,15.4,9.9,-1.1,4.2
2023-10-16,-10.4,17.6,12.6,3.4,1.8
2023-10-17,-9.0,17.0,13.5,6.0,-0.7
2023-10-18,-9.0,17.7,15.7,9.1,-0.8
2023-10-19,-9.4,17.6,16.4,8.8,0.5
2023-10-20,-9.1,15.9,15.7,6.4,2.3
2023-10-23,-11.2,16.7,16.8,1.8,3.8
2023-10-24,-10.2,15.0,14.9,2.3,3.1
2023-10-25,-9.4,17.0,15.9,-1.4,6.1
2023-10-26,-7.8,17.6,17.3,0.7,5.6
2023-10-27,-5.0,17.8,16.9,15.8,-0.6
2023-10-30,-6.2,17.7,17.0,14.5,1.5
2023-10-31,-7.8,18.4,17.4,2.6,0.0
2023-11-01,-7.4,17.2,16.2,9.2,1.6
2023-11-02,-7.6,16.3,16.4,11.9,-1.0
2023-11-03,-10.5,15.4,13.5,9.2,2.0
2023-11-06,-9.4,14.4,10.9,6.4,2.6
2023-11-07,-10.0,14.1,11.0,1.3,-3.7
2023-11-08,-10.4,14.2,11.2,0.8,-1.6
2023-11-09,-9.5,14.8,10.8,-3.4,6.3
2023-11-10,-7.3,14.7,10.8,-3.3,9.3
2023-11-13,-3.8,15.3,11.0,-1.7,7.5
2023-11-14,-0.0,14.7,10.1,1.5,7.9
2023-11-15,3.4,12.7,8.2,7.6,7.0
2023-11-16,4.5,13.5,5.8,3.9,8.5
2023-11-17,5.6,11.2,5.9,2.6,10.1
2023-11-20,6.5,10.6,5.1,6.2,9.7
2023-11-21,6.0,9.7,3.0,6.1,8.5
2023-11-22,5.4,10.0,3.7,3.6,12.0
2023-11-23,7.1,9.2,3.2,5.1,9.8
2023-11-24,6.9,9.7,3.7,5.6,10.6
2023-11-27,6.4,10.0,3.6,5.6,10.4
2023-11-28,7.6,9.6,4.2,7.8,8.1
2023-11-29,9.5,10.2,1.7,8.8,9.5
2023-11-30,9.2,11.5,3.2,3.6,17.0
2023-12-01,9.9,11.3,4.2,8.8,5.2
2023-12-04,10.6,12.5,3.0,10.6,5.6
2023-12-05,10.3,12.6,3.2,8.7,4.9
2023-12-06,10.0,12.9,3.6,8.4,1.6
2023-12-07,8.8,13.7,4.6,8.5,11.8
2023-12-08,8.0,13.7,5.1,-2.7,18.3
2023-12-11,8.9,14.5,6.7,-8.3,21.2
2023-12-12,13.3,14.1,6.8,0.7,18.0
2023-12-13,15.4,15.1,7.3,1.6,15.5
2023-12-14,24.1,23.9,6.2,2.3,17.4
2023-12-15,27.1,19.9,8.7,5.1,14.9
2023-12-18,28.5,18.4,8.1,4.6,19.0
2023-12-19,28.8,16.8,7.6,4.8,21.9
2023-12-20,30.6,15.1,6.3,10.6,18.6
2023-12-21,30.2,15.6,5.0,18.4,12.9
2023-12-22,27.6,14.6,4.4,14.9,13.8
2023-12-26,25.3,14.6,3.4,14.7,13.2
2023-12-27,22.4,13.9,1.9,13.1,5.6
2023-12-28,20.5,15.1,2.0,10.1,10.0
2024-01-02,23.2,18.0,5.8,12.0,3.5
2024-01-03,22.9,16.5,5.8,24.9,-7.8
2024-01-04,21.4,16.7,8.1,28.6,-10.9
2024-01-05,16.9,18.6,9.9,24.9,-11.6
2024-01-08,14.0,19.7,11.1,20.1,-12.2
2024-01-09,8.0,22.5,12.6,-1.1,-8.8
2024-01-10,6.2,22.6,12.5,-2.6,0.3
2024-01-11,8.4,22.2,11.1,3.4,-10.7
2024-01-12,10.9,21.9,11.0,7.4,-6.8
2024-01-15,12.8,20.9,11.4,8.7,-2.7
2024-01-16,13.4,19.7,10.0,4.5,-0.8
2024-01-17,13.0,18.9,10.9,4.1,-0.1
2024-01-18,12.6,18.3,10.3,3.4,0.7
2024-01-19,13.2,18.5,10.9,-2.5,2.5
2024-01-22,16.7,17.9,11.0,-1.9,2.3
2024-01-23,18.8,20.3,13.0,5.2,-2.6
2024-01-24,19.3,19.6,13.1,13.4,-5.1
2024-01-25,18.5,19.8,13.4,12.2,-4.0
2024-01-26,18.7,19.0,12.2,11.0,0.4
2024-01-29,15.7,19.3,12.5,12.1,-1.6
2024-01-30,13.3,19.2,12.8,-2.2,4.5
2024-01-31,13.4,19.6,12.7,-6.6,11.3
2024-02-01,16.1,19.4,13.1,-1.5,7.3
2024-02-02,18.6,19.0,13.7,6.2,4.1
2024-02-05,17.6,17.6,12.1,0.3,7.3
2024-02-06,21.6,17.5,11.4,3.2,7.2
2024-02-07,23.0,16.3,10.7,4.2,1.8
2024-02-08,22.6,16.6,10.7,0.7,10.1
2024-02-13,23.1,16.2,10.3,2.7,12.0
2024-02-14,23.5,15.0,8.1,2.5,14.4
2024-02-15,25.9,17.3,10.4,3.9,18.2
2024-02-16,26.8,16.4,10.6,0.2,16.1
2024-02-19,28.9,17.2,10.8,2.8,13.4
2024-02-20,29.1,18.4,11.5,7.5,9.0
2024-02-21,29.5,19.7,12.4,10.1,12.5
2024-02-22,30.1,19.0,11.5,4.1,15.9
2024-02-23,29.5,16.9,8.8,-2.7,17.7
2024-02-26,31.7,14.7,9.4,11.2,6.8
2024-02-27,30.1,14.3,8.6,20.7,-3.5
2024-02-28,27.2,12.9,7.4,30.8,-9.9
2024-02-29,21.3,12.2,5.9,25.6,-3.7
2024-03-04,15.5,12.1,5.6,21.6,-13.4
2024-03-05,7.5,11.2,5.0,14.4,-26.3
2024-03-06,2.8,10.9,4.9,9.1,-2.3
2024-03-07,-0.2,12.3,7.1,6.0,-12.5
2024-03-08,0.7,11.1,6.5,-11.0,4.6
2024-03-11,3.4,11.1,5.5,6.5,-10.0
2024-03-12,3.4,9.9,3.6,18.3,-7.9
2024-03-13,2.0,8.9,2.3,21.8,-2.9
2024-03-14,-1.5,9.9,2.8,20.4,-1.4
2024-03-15,-4.6,10.7,4.6,10.1,-3.6
2024-03-18,-9.5,11.8,6.5,4.3,-5.9
2024-03-19,-11.5,12.1,9.1,-6.7,1.3
2024-03-20,-7.8,11.8,9.4,-15.9,3.3
2024-03-21,-0.9,13.0,9.6,-12.3,2.9
2024-03-22,4.9,13.1,9.2,1.7,-2.4
2024-03-25,7.7,13.5,8.9,13.0,-1.8
2024-03-26,8.4,12.8,7.5,21.1,-2.8
2024-03-27,6.6,10.4,6.4,22.4,-6.0
2024-03-28,0.8,9.9,5.9,4.7,0.2
2024-03-29,-2.8,9.5,5.4,-11.5,7.4
2024-04-01,-0.3,8.4,5.7,-1.1,0.1
2024-04-02,0.3,7.5,6.0,7.0,-2.1
2024-04-03,2.1,8.5,6.7,9.8,-5.5
2024-04-04,4.3,5.5,6.7,11.4,-0.1
2024-04-05,4.4,6.9,6.7,0.3,2.6
2024-04-08,1.9,5.4,5.2,-7.2,4.4
2024-04-09,3.6,5.1,5.3,-5.3,-3.9
2024-04-11,5.1,4.1,6.4,3.3,0.3
2024-04-12,9.9,2.6,3.8,11.3,0.0
2024-04-15,10.8,3.7,4.5,16.8,-0.6
2024-04-16,8.5,3.0,3.6,24.1,-8.0
2024-04-17,4.5,2.6,3.1,17.7,-1.5
2024-04-18,1.6,2.1,4.3,3.9,1.9
2024-04-19,-1.2,3.3,6.4,-6.7,1.4
2024-04-22,-1.6,3.8,6.7,-5.1,3.3
2024-04-23,2.1,4.7,7.1,-5.2,3.2
2024-04-24,5.9,4.6,5.8,2.7,1.9
2024-04-25,8.2,4.6,5.1,-0.0,6.2
2024-04-26,11.8,4.1,5.2,-1.5,8.1
2024-04-29,13.1,4.4,6.0,1.7,7.3
2024-04-30,15.3,4.6,6.5,-3.0,15.5
2024-05-02,18.2,4.1,5.2,12.6,-1.1
2024-05-03,18.5,4.9,4.3,31.2,-2.5
2024-05-07,14.8,6.7,5.0,6.0,0.0
2024-05-08,13.0,7.2,6.4,4.8,-1.5
2024-05-09,11.6,8.3,6.8,12.5,0.0
2024-05-10,7.9,7.9,8.2,-1.0,4.6
2024-05-13,8.3,8.1,8.8,-4.1,7.4
2024-05-14,13.4,8.1,10.5,1.3,6.3
2024-05-16,15.0,8.2,11.4,5.4,4.2
2024-05-17,15.3,8.9,10.6,6.0,3.4
2024-05-20,16.6,9.1,10.6,7.9,3.9
2024-05-21,16.6,8.3,10.2,8.8,3.1
2024-05-22,15.5,6.0,8.3,9.3,3.1
2024-05-23,14.5,5.6,7.6,5.3,5.6
2024-05-24,14.2,5.7,6.9,2.8,6.5
2024-05-27,15.1,5.7,6.8,4.2,5.5
2024-05-28,15.9,7.8,5.8,9.2,2.0
2024-05-29,14.8,7.6,5.5,8.8,2.3
2024-05-30,14.7,7.2,5.4,8.7,2.8
2024-05-31,14.0,7.1,5.0,1.8,8.0
2024-06-03,14.5,7.0,5.2,4.1,3.9
2024-06-04,15.1,6.2,4.2,7.6,-1.7
2024-06-05,15.8,6.2,3.9,7.8,0.2
2024-06-07,15.9,6.2,2.9,0.8,8.7
2024-06-10,15.1,5.9,1.7,2.1,9.9
2024-06-11,16.4,6.4,3.4,2.7,9.1
2024-06-12,18.1,5.8,3.0,7.0,5.6
2024-06-13,12.1,6.7,2.7,-1.6,3.1
2024-06-14,11.7,6.5,1.7,0.0,0.3
2024-06-17,12.1,4.9,1.5,2.6,0.3
2024-06-18,9.3,4.1,0.6,0.8,0.6
2024-06-19,10.1,1.0,-2.2,0.7,0.5
2024-06-20,8.6,2.4,-2.7,-0.7,1.9
2024-06-21,8.8,0.9,-5.4,-8.6,6.0
2024-06-24,8.9,1.8,-5.4,-3.7,5.4
2024-06-25,8.8,2.8,-4.2,-5.6,7.5
2024-06-26,8.6,3.1,-3.9,-3.5,5.2
2024-06-27,8.5,3.4,-3.2,-3.4,6.0
2024-06-28,9.7,2.9,-3.0,-8.1,9.1
2024-07-01,8.7,3.5,-2.5,5.0,1.2
2024-07-02,8.9,4.5,-2.2,5.6,-1.7
2024-07-03,7.9,6.5,-2.6,3.0,0.4
2024-07-04,10.5,9.1,-0.1,-1.0,1.4
2024-07-05,12.2,11.1,4.1,-6.7,3.8
2024-07-08,13.1,12.5,4.5,-2.0,-0.2
2024-07-09,14.3,14.4,7.4,1.1,-6.0
2024-07-10,14.5,14.7,7.6,1.2,-2.5
2024-07-11,13.3,10.5,6.3,-0.3,2.8
2024-07-12,14.6,9.0,2.4,-2.0,2.8
2024-07-15,14.3,8.5,-0.1,-0.1,0.9
2024-07-16,14.3,7.9,-1.4,7.4,-1.7
2024-07-17,13.5,9.1,-0.3,2.7,1.7
2024-07-18,13.2,7.8,-0.7,-1.9,2.3
2024-07-19,13.4,7.8,-2.2,-6.3,6.4
2024-07-22,14.0,7.5,-3.2,2.4,1.0
2024-07-23,14.0,6.8,-3.1,-4.5,5.0
2024-07-24,15.6,7.4,-4.0,1.9,2.6
2024-07-25,16.1,6.7,-3.8,-4.5,5.7
2024-07-26,16.2,6.8,-3.2,-4.3,4.1
2024-07-29,17.5,5.5,-3.0,6.8,0.5
2024-07-30,15.6,6.7,-2.5,3.6,1.3
2024-07-31,15.5,8.1,0.2,-0.9,3.0
2024-08-01,16.4,8.8,2.2,4.0,1.2
2024-08-02,16.8,7.5,2.0,-2.7,4.2
2024-08-05,18.9,4.4,-5.0,-2.6,4.5
2024-08-06,17.9,8.3,-1.8,-5.8,3.5
2024-08-07,19.6,7.2,-1.6,-5.8,-1.3
2024-08-08,20.7,7.8,-2.3,-3.2,3.1
2024-08-09,20.3,9.6,0.6,-0.8,3.1
2024-08-12,20.6,10.6,3.1,-1.3,3.4
2024-08-13,21.2,10.8,3.6,-7.6,7.9
2024-08-14,22.6,12.8,6.3,-5.4,6.1
2024-08-16,21.9,14.3,6.2,-3.6,5.4
2024-08-19,22.8,14.7,7.5,-3.6,3.8
2024-08-20,22.6,16.0,8.7,-1.7,2.3
2024-08-21,23.2,15.8,10.1,-3.6,3.6
2024-08-22,23.8,14.7,9.4,-3.6,3.8
2024-08-23,23.4,16.0,8.7,-0.9,2.3
2024-08-26,24.1,15.5,7.2,-0.8,2.8
2024-08-27,22.9,15.6,6.0,0.9,0.9
2024-08-28,22.8,14.5,5.2,0.0,0.5
2024-08-29,23.0,15.1,5.2,4.6,0.3
2024-08-30,23.3,14.6,5.2,-4.6,4.3
2024-09-02,23.4,15.9,6.9,-1.9,2.1
2024-09-03,24.3,20.1,11.9,-1.9,0.7
2024-09-04,25.6,21.3,13.2,-0.1,2.1
2024-09-05,25.6,22.3,14.2,-3.8,4.6
2024-09-06,26.1,23.2,11.6,-8.4,5.5
2024-09-09,26.1,25.0,12.8,-8.7,6.2
2024-09-10,27.8,26.1,14.1,-3.2,-8.0
2024-09-11,28.9,27.4,17.0,-3.1,-2.0
2024-09-12,28.6,29.1,20.0,-6.3,7.8
2024-09-13,30.1,29.2,20.4,-6.3,3.8
2024-09-19,29.9,29.7,20.5,-2.2,1.7
2024-09-20,30.3,30.3,19.6,2.2,0.5
2024-09-23,30.6,30.0,19.6,3.9,-0.1
2024-09-24,31.1,29.9,19.5,1.9,0.9
2024-09-25,32.2,30.6,17.5,1.8,0.9
2024-09-26,32.8,29.7,16.8,-2.7,3.1
2024-09-27,32.6,30.4,17.0,-4.4,3.5
2024-09-30,19.3,30.8,17.6,-7.1,10.2
2024-10-02,19.9,34.2,17.5,2.1,1.0
2024-10-04,19.2,37.4,18.4,4.8,-0.6
2024-10-07,12.9,39.4,23.5,-3.2,-2.7
2024-10-08,16.1,39.3,26.4,-3.1,-1.7
2024-10-10,17.0,36.3,25.7,-1.7,1.7
2024-10-11,18.1,30.5,21.1,17.7,6.2
2024-10-14,15.5,30.3,21.1,-1.8,5.6
2024-10-15,16.9,30.1,20.2,1.2,4.1
2024-10-16,16.9,29.3,19.0,-1.7,3.2
2024-10-17,15.7,30.1,18.8,-0.9,2.8
2024-10-18,15.3,30.0,17.6,-1.8,2.8
2024-10-21,17.8,30.9,16.5,-1.4,1.4
2024-10-22,17.8,31.6,18.8,-0.4,1.6
2024-10-23,18.1,31.0,19.1,-0.9,1.9
2024-10-24,20.5,28.3,18.5,-1.8,2.6
2024-10-25,20.4,28.8,19.1,-3.6,3.3
2024-10-28,19.0,31.0,19.6,-2.7,2.7
2024-10-29,19.7,31.6,21.2,1.0,1.3
2024-10-30,20.0,32.0,21.7,2.9,1.5
2024-10-31,20.0,32.0,21.8,-2.3,3.5
2024-11-01,20.3,32.0,23.1,3.3,-1.8
2024-11-04,20.4,32.5,24.0,8.0,-2.2
2024-11-05,20.6,32.8,24.7,-1.0,-5.8
2024-11-06,20.0,33.8,26.2,-0.9,-1.4
2024-11-07,20.6,33.0,25.4,-1.1,0.8
2024-11-08,21.9,32.4,24.8,-2.0,2.3
2024-11-11,20.9,33.1,25.4,-3.9,2.7
2024-11-12,21.1,33.7,26.4,-3.9,2.3
2024-11-13,20.3,33.5,27.2,-3.9,2.6
2024-11-14,20.5,33.0,27.2,-2.8,1.6
2024-11-15,20.0,33.2,25.9,-2.3,1.4
2024-11-18,20.6,31.9,24.7,-1.4,1.7
2024-11-19,21.0,32.4,23.0,-1.4,1.2
2024-11-20,21.0,32.5,21.4,-0.5,1.6
2024-11-21,21.5,31.3,19.8,-2.5,2.1
2024-11-22,16.4,27.3,17.5,-4.2,3.5
2024-11-25,16.7,22.5,14.9,-4.2,4.0
2024-11-26,15.5,22.4,14.7,-3.7,1.7
2024-11-27,15.1,21.4,14.5,-2.2,1.3
2024-11-28,-0.9,14.0,5.9,-2.9,5.7
2024-11-29,2.1,14.3,9.4,-2.0,6.5
2024-12-02,3.6,13.6,7.3,-0.9,3.3
2024-12-03,3.1,13.8,8.1,1.8,2.0
2024-12-04,1.6,12.7,5.6,-3.1,3.8
2024-12-05,0.8,12.5,5.7,0.3,1.1
2024-12-06,0.6,13.0,5.1,1.3,2.4
2024-12-09,2.3,11.0,4.1,-1.5,2.2
2024-12-10,1.9,12.3,3.7,-3.0,-5.2
2024-12-11,1.7,14.6,6.0,-3.0,-1.6
2024-12-12,1.6,13.5,5.2,-3.5,2.2
2024-12-13,0.9,12.5,4.3,-3.5,1.9
2024-12-16,1.1,14.0,5.4,-2.0,2.2
2024-12-17,-2.0,12.2,7.8,-1.1,1.1
2024-12-18,0.0,9.6,5.9,1.8,1.8
2024-12-19,-1.6,11.1,8.1,-1.6,3.4
2024-12-20,-3.0,10.6,8.3,-10.5,10.4
2024-12-23,-2.3,10.7,9.5,-10.3,10.3
2024-12-24,-2.6,10.1,10.1,-3.3,6.7
2024-12-26,-2.8,9.9,10.8,-3.5,16.0
2024-12-27,-2.1,10.2,9.8,-3.6,10.0
2024-12-30,-1.7,9.9,14.1,-3.4,6.0
2025-01-02,-0.6,18.8,9.8,-0.5,2.9
2025-01-03,-0.3,19.8,9.9,-1.2,-3.3
2025-01-06,7.2,17.9,9.4,-3.6,3.2
2025-01-07,6.6,18.7,7.0,-7.5,0.0
2025-01-08,1.0,11.5,3.9,-7.4,0.3
2025-01-09,-1.4,10.1,3.4,-7.7,7.9
2025-01-10,-6.9,6.0,5.8,-7.8,8.1
2025-01-13,-7.9,5.6,8.1,-7.8,6.4
2025-01-14,-7.1,6.4,8.2,-0.4,-1.0
2025-01-15,-6.3,7.0,9.7,-2.4,0.8
2025-01-16,-5.4,7.3,8.8,-8.1,7.1
2025-01-17,-4.8,6.6,7.4,-5.4,6.9
2025-01-20,-4.9,6.3,7.4,-7.1,10.9
2025-01-21,-4.8,6.5,5.8,-9.1,13.8
2025-01-22,-4.9,5.7,6.5,-5.5,10.6
2025-01-23,-5.2,5.7,1.7,-5.2,8.8
2025-01-24,-4.7,5.7,2.1,-12.7,9.1
2025-01-31,-4.8,5.9,1.0,-8.7,7.4
2025-02-03,-5.5,6.1,-0.5,-2.2,-1.2
2025-02-04,-5.6,5.9,0.6,-1.6,-8.1
2025-02-05,-5.7,6.2,2.3,-2.0,-2.0
2025-02-06,-5.6,6.1,4.6,-1.8,0.3
2025-02-07,-6.2,5.8,7.1,-1.2,2.4
2025-02-10,-5.7,5.9,7.6,-4.4,3.4
2025-02-11,-5.6,6.2,8.6,-3.4,2.1
2025-02-12,-5.5,6.2,10.0,-5.4,3.3
2025-02-13,-5.4,6.5,10.4,-7.3,5.4
2025-02-14,-4.8,7.1,12.3,-7.3,5.7
2025-02-17,-8.0,5.2,13.2,-7.3,1.7
2025-02-18,-8.0,5.2,13.8,-2.5,0.1
2025-02-19,-6.7,6.2,12.9,-2.1,-4.7
2025-02-20,-6.5,6.2,10.4,-1.7,-0.7
2025-02-21,-9.5,3.2,6.2,-15.5,-1.5
2025-02-24,-7.7,3.2,5.5,-19.3,2.2
2025-02-25,-12.7,0.6,0.0,-7.0,8.7
2025-02-26,-4.8,1.0,-0.4,-3.9,4.2
2025-02-27,-4.2,1.0,-1.8,-1.1,5.5
2025-02-28,-3.8,1.0,-1.5,-1.2,4.9
2025-03-04,-2.3,1.0,-1.6,0.1,-5.9
2025-03-05,-3.5,1.0,-3.4,0.3,-1.9
2025-03-06,-4.7,1.0,-5.1,-0.7,2.3
2025-03-07,-3.5,1.1,-2.5,-2.4,2.9
2025-03-10,-3.4,1.0,-2.9,-2.4,2.7
2025-03-11,-2.8,1.9,-1.4,1.0,1.0
2025-03-12,-2.1,2.3,-1.3,2.9,1.3
2025-03-13,-2.1,2.1,-2.2,1.1,0.3
2025-03-14,-3.1,4.8,-2.7,-0.9,0.8
2025-03-17,-2.9,5.0,-2.6,0.0,0.2
2025-03-18,-2.9,5.4,-2.0,0.1,0.6
2025-03-19,-2.6,5.4,-1.3,0.1,-0.2
2025-03-20,-2.2,4.3,-1.5,-1.0,1.6
2025-03-21,-3.3,3.1,-2.4,1.5,1.1
2025-03-24,4.2,3.1,-2.6,3.5,0.2
2025-03-25,4.1,4.1,-2.7,4.2,-0.1
2025-03-26,3.8,5.0,-1.9,4.8,-1.7
2025-03-27,2.2,0.0,-3.1,4.7,-1.9
2025-03-28,2.2,-1.0,-3.4,6.3,-1.8
2025-03-31,3.9,-1.8,-5.1,-1.5,2.6
2025-04-01,2.1,-1.2,-5.3,4.1,-0.9
2025-04-02,1.6,2.5,-5.8,-0.7,0.3
2025-04-03,3.1,1.8,-2.8,-1.6,1.6
2025-04-04,-0.8,-4.5,-5.1,-3.4,1.4
2025-04-07,3.9,-9.1,-7.7,-5.3,3.2
2025-04-08,2.0,-9.2,-9.9,-4.0,-3.3
2025-04-09,1.6,-10.7,-12.0,-3.9,-0.8
2025-04-10,1.4,-11.5,-9.7,-3.7,4.1
2025-04-11,1.4,-13.5,-10.2,-3.7,3.3
2025-04-14,12.7,-14.1,-10.8,-3.7,2.5
2025-04-15,13.0,-14.5,-11.0,-2.6,0.6
2025-04-16,13.5,-13.8,-11.4,-10.8,0.2
2025-04-17,12.2,-10.8,-9.2,-4.2,3.2
2025-04-18,12.3,-10.3,-9.7,-5.2,3.1
2025-04-21,12.7,-10.3,-11.3,-4.1,2.7
2025-04-22,12.5,-10.3,-11.4,-3.1,2.6
2025-04-23,12.4,-8.0,-10.0,-3.1,2.6
2025-04-24,12.4,-7.1,-9.7,-2.7,3.6
2025-04-25,12.5,-8.7,-10.7,-2.9,3.2
2025-04-28,11.8,-9.1,-11.6,-1.8,0.2
2025-04-29,11.8,-8.2,-11.2,-0.4,1.7
2025-04-30,10.7,-8.9,-10.9,-0.8,3.3
2025-05-02,10.5,-7.7,-10.6,-2.5,0.0
2025-05-07,10.7,-9.7,-11.2,-2.6,-1.7
2025-05-08,10.1,-8.9,-10.6,-0.2,0.8
2025-05-09,9.1,-7.3,-9.4,-1.3,2.2
2025-05-12,3.7,-8.4,-10.3,-3.2,3.4
2025-05-13,2.6,-7.6,-9.0,-2.1,3.7
2025-05-14,2.6,-6.0,-4.3,-2.2,2.9
2025-05-15,2.2,-4.6,-2.5,-1.3,1.0
2025-05-16,2.6,-3.8,-1.1,-1.2,1.9
2025-05-19,1.8,-3.2,0.2,-2.6,-0.1
2025-05-20,2.2,-3.8,1.5,-1.2,-0.1
2025-05-21,2.0,-4.1,0.7,-1.0,0.9
2025-05-22,2.0,-4.4,1.0,-4.2,0.1
2025-05-23,-0.5,-3.4,2.6,-18.3,2.2
2025-05-26,-0.2,-3.6,2.9,-22.7,2.0
2025-05-27,-0.2,-3.8,1.7,-24.0,0.1
2025-05-28,-0.9,-7.3,-1.1,-21.0,-1.4
2025-05-29,-0.9,-10.0,-1.1,-1.6,4.8
2025-05-30,-0.9,-9.3,-0.2,-4.6,8.2
2025-06-02,0.0,-8.9,0.2,-1.6,3.8
2025-06-04,-0.7,-7.8,0.7,0.2,1.7
2025-06-05,-0.3,-7.1,1.8,0.8,-0.6
2025-06-09,0.7,-6.9,2.5,-3.2,2.3
2025-06-10,0.5,-5.9,3.1,-3.0,-4.2
2025-06-11,0.3,-6.0,4.5,-3.0,-1.6
2025-06-12,0.4,-5.5,6.3,-1.7,1.7
2025-06-13,0.2,-3.8,9.0,-3.1,4.3
2025-06-16,0.4,-2.1,9.2,-2.1,4.3
2025-06-17,1.4,-2.6,9.7,-1.3,2.8
2025-06-18,1.1,-2.6,9.4,-1.0,3.3
2025-06-19,0.7,-3.3,8.6,0.7,2.9
2025-06-20,0.7,-4.0,6.6,-1.2,4.5
2025-06-23,4.2,-2.9,6.3,0.2,3.0
2025-06-24,4.8,4.2,4.7,0.6,2.8
2025-06-25,4.8,5.4,5.2,1.2,2.2
2025-06-26,4.6,5.4,5.4,-0.7,-0.6
2025-06-27,4.2,5.8,5.5,0.7,-3.4
2025-06-30,4.3,5.7,5.2,-3.6,6.6
2025-07-01,4.4,6.2,5.4,1.6,-0.1
2025-07-02,3.9,12.7,4.6,0.6,-1.6
2025-07-03,4.2,11.1,3.1,1.6,-0.4
2025-07-04,3.3,11.5,3.0,1.5,-0.4
2025-07-07,3.2,11.7,3.0,1.6,0.0
2025-07-08,3.7,11.3,2.9,0.2,-9.2
2025-07-09,4.4,10.7,2.2,-0.3,-5.3
2025-07-10,5.3,9.8,2.3,-1.3,2.9
2025-07-11,5.0,9.9,1.7,0.7,0.9
2025-07-14,4.6,9.5,1.0,-0.8,1.0
2025-07-15,4.9,9.2,0.1,1.8,-2.2
2025-07-16,4.8,8.3,-1.8,3.7,0.2
2025-07-17,4.4,8.6,-2.4,3.0,0.0
2025-07-18,4.5,8.8,-3.8,1.0,1.0
2025-07-21,-1.5,8.6,-4.3,0.7,-0.9
2025-07-22,-1.5,8.7,-4.2,1.1,0.4
2025-07-23,-1.4,4.7,-5.5,0.5,0.2
2025-07-24,-2.5,4.9,-5.2,1.0,0.8
2025-07-25,-2.5,5.1,-4.7,-1.1,1.5
2025-07-28,1.4,5.5,-4.0,1.2,0.6
2025-07-29,2.7,7.5,-0.4,0.7,0.0
2025-07-30,2.9,7.0,0.7,0.4,1.8
2025-07-31,2.7,7.0,0.7,-1.3,1.4
2025-08-01,2.4,6.9,0.8,1.5,-0.9
2025-08-04,3.4,7.2,2.3,0.5,0.7
2025-08-05,3.3,6.6,2.1,-1.8,0.4
2025-08-06,3.1,7.1,2.2,-1.9,-0.7
2025-08-07,3.3,6.4,1.2,2.6,0.9
2025-08-08,2.2,8.4,2.6,0.6,3.2
2025-08-11,1.7,9.0,2.8,2.6,1.9
2025-08-12,1.4,9.1,2.5,0.1,2.3
2025-08-13,1.8,8.2,2.1,0.7,1.2
2025-08-14,1.9,7.1,1.1,0.6,1.6
2025-08-18,1.1,8.1,1.8,1.3,-0.2
2025-08-19,1.1,8.3,2.6,3.9,-2.8
2025-08-20,1.3,8.6,3.0,4.7,-2.1
2025-08-21,1.4,8.9,3.4,4.3,-0.1
2025-08-22,1.3,8.9,3.7,0.5,1.3
2025-08-25,1.8,8.7,3.4,0.5,1.5
2025-08-26,2.3,8.0,3.3,-0.4,1.1
2025-08-27,2.8,7.1,1.8,-0.4,0.5
2025-08-28,2.7,9.4,2.4,1.5,0.5
2025-08-29,2.5,10.2,3.0,-1.3,2.1
2025-09-01,2.2,10.4,2.5,-0.5,1.8
2025-09-02,2.1,10.9,2.6,-1.5,1.5
2025-09-03,1.8,10.9,3.1,-1.4,2.4
2025-09-04,1.9,11.2,2.9,-0.9,3.4
2025-09-05,2.0,10.5,1.6,-4.5,4.2
2025-09-08,2.0,10.7,1.4,-0.9,1.9
2025-09-09,2.3,10.3,0.7,-5.4,1.0
2025-09-10,2.5,9.7,0.8,-5.4,-0.5
2025-09-11,2.9,9.5,1.2,-2.0,2.3
2025-09-12,5.7,9.5,0.8,-0.7,2.2
2025-09-15,5.6,9.9,1.1,-1.2,3.2
2025-09-16,6.2,9.8,1.8,-0.2,0.6
2025-09-17,6.4,10.1,1.9,0.3,1.2
2025-09-18,6.6,9.8,1.1,0.1,2.4
2025-09-19,5.9,10.9,1.4,-0.9,2.3
2025-09-22,5.6,13.8,3.0,-2.2,4.1
2025-09-23,5.8,14.6,4.3,-2.2,4.0
2025-09-24,5.4,15.4,5.7,-0.3,3.0
2025-09-25,4.8,15.9,7.7,-1.3,2.6
2025-09-26,4.0,16.2,6.7,-0.4,2.3
2025-09-29,3.9,16.4,4.0,-1.4,3.1
2025-09-30,3.9,16.4,5.2,-4.2,7.5
2025-10-01,3.8,16.0,5.1,-0.5,-4.4
2025-10-02,4.5,12.4,3.1,-0.4,-1.7
2025-10-10,4.5,12.4,2.6,-1.3,3.9
2025-10-13,5.5,12.8,3.8,-1.2,3.6
2025-10-14,6.0,15.5,5.4,1.7,1.6
2025-10-15,6.2,15.7,5.5,2.9,2.2
2025-10-16,5.3,17.2,6.9,2.0,2.6
2025-10-17,5.8,16.1,7.0,1.2,1.4
2025-10-20,7.8,16.7,6.8,-0.7,1.7
2025-10-21,7.5,16.3,8.5,1.2,1.7
2025-10-22,8.5,14.1,1.9,0.4,1.8
2025-10-23,8.0,14.6,1.9,0.3,1.1
2025-10-24,8.5,13.3,2.9,-1.6,3.0
2025-10-27,8.8,13.5,3.8,-0.7,2.8
2025-10-28,8.5,14.8,4.2,-0.2,0.6
2025-10-29,7.6,15.8,4.2,4.1,1.2
2025-10-30,5.7,15.9,3.6,3.3,0.7
2025-10-31,5.8,13.9,1.9,0.4,1.1
2025-11-03,4.7,13.8,1.8,3.9,-1.2
2025-11-04,4.8,14.2,3.0,3.1,-7.0
2025-11-05,4.1,14.0,1.9,2.1,-1.1
2025-11-06,2.4,13.0,3.4,1.5,1.8
2025-11-07,1.2,14.6,3.4,-0.4,1.8
2025-11-10,1.0,12.7,2.1,-1.2,2.0
2025-11-11,1.5,10.7,0.4,-1.2,2.1
2025-11-12,2.6,13.9,-0.2,0.8,1.0
2025-11-13,2.5,14.2,2.4,-1.2,2.0
2025-11-14,5.2,19.1,3.7,-0.2,1.3
2025-11-17,5.8,20.3,4.5,0.7,1.1
2025-11-18,7.2,19.8,2.8,0.9,-0.3
2025-11-19,7.4,19.5,3.2,1.8,1.2
2025-11-20,7.3,19.3,3.4,0.7,1.4
2025-11-21,8.6,16.4,3.7,-0.3,1.8
2025-11-24,8.6,16.9,3.8,-0.4,1.9
2025-11-25,8.6,16.4,3.1,-0.3,2.0
2025-11-26,8.7,15.1,2.5,-1.2,3.3
2025-11-27,5.9,18.6,5.2,-1.3,1.3
2025-11-28,6.7,16.4,5.2,-1.2,1.4
2025-12-01,7.1,14.9,2.7,-0.2,1.1
2025-12-02,9.2,13.6,1.6,1.1,0.7
2025-12-03,8.5,12.0,0.1,2.0,1.0
2025-12-04,9.0,10.5,-1.0,1.4,2.2
2025-12-05,9.6,10.3,0.3,1.1,1.4
2025-12-08,11.5,11.4,1.9,-0.9,2.0
2025-12-09,10.2,13.5,2.2,-4.0,1.3
2025-12-10,9.8,13.7,3.9,-3.9,-1.5
2025-12-11,9.7,12.9,4.1,-2.3,1.8
2025-12-12,9.9,9.8,2.0,-2.2,3.3
2025-12-15,15.9,10.6,2.2,-2.1,3.1
2025-12-16,15.5,13.3,4.0,1.8,1.8
2025-12-17,15.1,14.4,4.6,0.8,2.7
2025-12-18,16.2,12.7,4.7,0.8,2.9
2025-12-19,13.6,12.8,4.7,-0.2,3.9
2025-12-22,14.6,13.5,4.6,-2.2,5.5
2025-12-23,15.0,14.4,5.4,-0.8,4.7
2025-12-24,15.2,15.9,7.5,0.2,4.3
2025-12-26,14.8,17.8,7.3,-0.8,5.3
2025-12-29,15.2,16.3,5.2,-0.8,2.2
2025-12-30,14.6,15.9,8.4,-0.7,4.0
2026-01-02,14.9,12.4,5.8,0.7,1.7
2026-01-05,13.5,12.6,4.2,2.8,1.0
2026-01-06,13.4,14.1,6.6,0.8,-5.7
2026-01-07,14.4,12.4,7.1,0.8,-0.3
2026-01-08,14.4,12.3,7.4,-0.4,4.4
2026-01-09,13.8,13.3,7.4,-3.1,6.7
2026-01-12,13.6,13.1,10.3,-4.1,7.0
2026-01-13,13.4,13.6,10.7,-4.0,5.9
2026-01-14,13.6,12.4,9.4,-4.9,6.5
2026-01-15,10.1,12.9,11.5,-1.7,3.5
2026-01-16,10.2,11.8,10.2,-0.7,2.6
2026-01-19,10.8,12.2,10.5,0.2,3.0
2026-01-20,10.0,11.7,8.7,0.1,2.8
2026-01-21,10.8,10.5,6.4,-0.9,3.8
2026-01-22,11.3,12.0,6.9,1.8,2.4
2026-01-23,10.7,13.1,9.3,-2.0,4.0
2026-01-26,11.5,12.9,9.7,-2.8,1.6
2026-01-27,11.2,12.1,10.3,0.3,1.4
2026-01-28,11.0,9.6,7.1,5.4,-0.1
2026-01-29,10.0,10.3,7.0,3.7,2.3
2026-01-30,8.9,10.8,8.0,-0.2,4.6
2026-02-02,7.8,9.7,6.7,-1.0,4.7
2026-02-03,6.5,9.2,5.8,1.0,3.6
2026-02-04,5.9,9.6,5.7,1.0,2.6
2026-02-05,6.1,10.6,7.6,0.0,3.5
2026-02-06,5.5,12.3,9.8,0.0,1.4
2026-02-09,4.9,11.3,8.9,0.0,3.3
2026-02-10,5.5,9.5,7.7,-3.0,0.6
2026-02-11,6.0,7.8,5.2,-3.0,-1.3
2026-02-12,6.5,8.7,4.6,-0.1,4.6
2026-02-13,6.8,9.6,5.5,-0.1,5.5
2026-02-19,6.4,9.5,5.5,0.9,5.1
2026-02-20,6.9,8.4,5.8,1.9,2.3
2026-02-23,6.4,8.7,5.5,0.9,4.3
2026-02-24,6.2,9.3,7.2,-0.1,4.7
2026-02-25,6.2,8.6,7.7,-1.2,6.0
2026-02-26,7.4,7.1,6.3,-2.2,5.7
2026-02-27,7.4,7.1,6.3,-2.0,10.2
2026-03-03,3.3,8.7,11.1,0.6,3.8
2026-03-04,2.8,7.8,9.7,3.4,1.0
2026-03-05,3.1,5.0,5.4,4.6,1.6
2026-03-06,2.2,6.8,4.9,5.5,0.7
2026-03-09,0.5,5.1,5.5,-1.5,4.6
2026-03-10,2.4,3.6,1.4,-2.1,-1.4
2026-03-11,2.7,4.6,0.3,-2.0,-0.8
2026-03-12,2.3,6.1,1.9,-0.5,4.5
2026-03-13,1.3,7.9,7.3,1.6,3.8
2026-03-16,2.1,5.5,6.5,2.6,2.8
2026-03-17,2.0,8.4,10.7,3.6,1.0
2026-03-18,2.9,7.3,10.5,4.6,2.1
2026-03-19,1.7,10.5,14.6,2.5,3.6
2026-03-20,-0.3,9.5,22.9,2.4,2.5
2026-03-23,-1.7,6.9,18.3,1.4,3.2
2026-03-24,0.1,1.8,12.1,0.3,4.1
2026-03-25,-0.1,0.6,11.0,0.4,3.2
2026-03-26,-0.1,1.5,13.2,0.4,2.8
2026-03-27,-1.0,4.2,15.8,1.4,1.8
2026-03-30,0.2,0.2,11.6,2.3,1.4
2026-03-31,0.1,1.4,12.9,-4.9,12.0
2026-04-01,2.8,-3.0,9.3,-0.6,2.7
2026-04-02,-0.6,0.4,3.7,4.5,1.4
2026-04-03,0.0,-1.1,1.6,4.5,-0.8
2026-04-06,0.5,-1.2,-0.6,3.2,-0.5
2026-04-07,0.2,0.2,0.5,4.7,-9.1
2026-04-08,1.7,-0.6,-0.5,4.6,-2.1
2026-04-09,1.1,-0.6,0.9,0.7,4.0
2026-04-10,0.2,2.0,4.4,-3.1,4.0
2026-04-13,1.1,2.2,6.2,-3.0,3.7
2026-04-14,1.9,1.1,5.8,0.0,2.6
2026-04-15,2.0,1.1,5.6,2.0,1.6
2026-04-16,1.4,3.6,5.9,3.4,0.4
2026-04-17,-0.8,5.0,7.1,-0.1,1.5
2026-04-20,-0.3,3.6,5.8,-1.1,0.5
2026-04-21,-0.3,4.0,7.4,-1.0,1.0
2026-04-22,-1.2,6.2,9.7,-0.9,1.1
2026-04-23,-3.4,8.7,13.1,-0.2,3.9
2026-04-24,-0.8,9.7,14.9,-2.1,3.0
2026-04-27,4.0,9.8,15.4,-2.2,3.1
2026-04-28,2.6,8.3,15.9,0.6,1.8
2026-04-29,2.6,8.0,16.6,1.6,1.3
2026-04-30,1.5,9.1,19.3,-1.3,5.4
2026-05-04,1.3,8.3,19.0,-1.8,-1.3
2026-05-06,1.4,6.1,14.9,-1.7,-0.7
2026-05-07,2.2,5.9,14.1,-0.2,4.6
2026-05-08,1.6,6.5,13.9,-0.6,4.8
2026-05-11,2.4,6.3,16.2,-1.5,6.1
2026-05-12,1.3,7.1,20.4,-1.5,8.3
2026-05-13,1.9,4.8,16.7,1.6,2.4
2026-05-14,1.4,5.5,17.5,1.7,3.5
2026-05-15,0.5,4.8,19.2,1.6,2.7
2026-05-18,0.8,4.9,20.5,1.1,2.4
2026-05-19,1.3,5.2,21.4,1.4,1.4
2026-05-20,1.2,6.2,23.0,1.2,1.7
2026-05-21,1.4,5.6,22.8,0.0,2.5
2026-05-22,1.6,4.1,21.2,0.0,1.6
2026-05-26,2.2,5.5,21.2,-1.0,3.8
2026-05-27,0.5,10.2,22.5,-1.0,5.0
2026-05-28,-0.8,14.3,25.6,1.2,3.5
2026-05-29,-0.4,16.2,27.0,-2.5,9.2
2026-06-01,1.0,19.2,28.8,-1.2,3.6
2026-06-02,2.0,17.1,30.1,0.1,1.8
2026-06-04,2.3,18.6,33.8,0.8,1.4
2026-06-05,1.9,17.8,32.0,0.9,2.7
2026-06-08,1.5,19.9,30.5,0.8,2.8
2026-06-09,3.3,18.3,27.0,-4.5,1.3
2026-06-10,2.9,17.9,24.8,-5.3,-1.7
2026-06-11,7.7,23.8,29.9,-3.5,5.6
2026-06-12,9.2,19.2,25.2,-2.0,3.8
2026-06-15,9.7,19.6,23.2,-1.2,4.7
2026-06-16,9.9,18.3,21.1,-0.9,3.0
2026-06-17,10.0,20.0,24.0,0.0,3.8
2026-06-18,9.4,23.1,27.8,0.0,3.4
2026-06-19,8.7,20.7,28.4,-1.0,2.1
2026-06-22,8.0,21.5,30.6,-2.0,3.8
2026-06-23,8.0,20.5,29.0,-2.0,5.1
2026-06-24,7.3,19.9,25.9,0.0,4.5
2026-06-25,9.6,19.8,25.3,0.0,4.3
2026-06-26,10.2,19.6,23.6,-1.0,5.0
2026-06-29,9.5,18.6,22.2,-1.1,5.2
2026-06-30,9.7,16.4,21.3,-5.8,15.0
2026-07-01,7.8,17.8,21.4,0.5,0.8
2026-07-02,9.6,16.7,3.3,3.9,-7.1
2026-07-03,10.7,16.4,2.4,9.6,-6.5
2026-07-06,10.1,15.7,1.0,10.1,-6.2
2026-07-07,9.3,14.9,-1.5,7.7,-6.9
2026-07-08,9.3,12.7,-4.1,7.8,-7.4
2026-07-09,10.8,12.9,-4.4,6.9,0.7
2026-07-10,12.0,12.5,-4.2,9.7,3.8
2026-07-13,12.9,13.7,-2.8,12.0,5.6
2026-07-14,15.9,13.7,-1.4,16.6,6.1
2026-07-15,14.8,12.1,-2.4,22.9,6.4
2026-07-16,10.6,10.5,-1.8,2.6,-1.0
2026-07-20,10.9,10.4,-2.5,7.7,-2.4
2026-07-21,10.2,12.0,-0.1,7.1,-6.2
2026-07-22,10.7,16.2,3.7,4.9,-6.4
2026-07-23,11.0,16.8,3.6,5.7,-7.5
2026-07-24,14.4,18.3,5.2,4.8,-6.0
2026-07-27,15.8,15.7,3.0,4.3,-3.7
2026-07-28,15.5,15.7,3.1,4.8,-4.8
2026-07-29,15.3,14.5,2.8,5.1,-0.6
2026-07-30,13.4,15.4,4.5,1.9,1.3
2026-07-31,12.5,13.9,3.1,-5.6,6.5
2026-08-03,11.4,13.7,2.2,-3.6,3.9
2026-08-04,11.3,13.3,0.6,-2.4,-0.9
2026-08-05,11.5,13.3,2.5,-2.1,-1.9
2026-08-06,10.3,14.7,5.4,-0.4,1.9
2026-08-07,10.0,15.8,7.5,0.7,3.0
2026-08-10,9.6,16.7,8.6,-3.1,2.8
2026-08-11,9.1,15.5,9.2,-0.4,2.7
2026-08-12,12.0,13.7,7.4,-1.5,3.1
2026-08-13,11.9,14.7,8.0,0.2,1.9
2026-08-14,23.0,19.6,11.1,2.4,2.6
2026-08-18,19.8,20.3,12.5,3.2,2.4
2026-08-19,21.9,18.4,11.1,2.3,1.7
2026-08-20,20.2,19.7,11.9,3.4,0.8
2026-08-21,20.8,19.2,11.9,5.3,1.0
2026-08-24,10.7,18.0,10.4,6.0,1.5
2026-08-25,11.3,18.3,9.7,14.0,2.1
2026-08-26,9.8,17.5,10.2,14.2,2.1
2026-08-27,14.7,15.2,11.5,,
2026-08-28,,,,,
