STAT_CODE,STAT_NAME,ITEM_CODE1,ITEM_NAME1,ITEM_CODE2,ITEM_NAME2,ITEM_CODE3,ITEM_NAME3,ITEM_CODE4,ITEM_NAME4,UNIT_NAME,WGT,TIME,DATA_VALUE
901Y062,4.4.1.1. 주택매매가격지수(KB),P63A,총지수,,,,,,,2026.01=100,,198601,29.337
901Y062,4.4.1.1. 주택매매가격지수(KB),P63A,총지수,,,,,,,2026.01=100,,198602,29.337
901Y062,4.4.1.1. 주택매매가격지수(KB),P63A,총지수,,,,,,,2026.01=100,,198603,29.381
901Y062,4.4.1.1. 주택매매가격지수(KB),P63A,총지수,,,,,,,2026.01=100,,198604,29.161
901Y062,4.4.1.1. 주택매매가격지수(KB),P63A,총지수,,,,,,,2026.01=100,,198605,29.03
901Y062,4.4.1.1. 주택매매가격지수(KB),P63A,총지수,,,,,,,2026.01=100,,198606,28.898
901Y062,4.4.1.1. 주택매매가격지수(KB),P63A,총지수,,,,,,,2026.01=100,,198607,28.81
901Y062,4.4.1.1. 주택매매가격지수(KB),P63A,총지수,,,,,,,2026.01=100,,198608,28.81
901Y062,4.4.1.1. 주택매매가격지수(KB),P63A,총지수,,,,,,,2026.01=100,,198609,28.81
901Y062,4.4.1.1. 주택매매가격지수(KB),P63A,총지수,,,,,,,2026.01=100,,198610,28.81
901Y062,4.4.1.1. 주택매매가격지수(KB),P63A,총지수,,,,,,,2026.01=100,,198611,28.634
901Y062,4.4.1.1. 주택매매가격지수(KB),P63A,총지수,,,,,,,2026.01=100,,198612,28.547
901Y062,4.4.1.1. 주택매매가격지수(KB),P63A,총지수,,,,,,,2026.01=100,,198701,28.503
901Y062,4.4.1.1. 주택매매가격지수(KB),P63A,총지수,,,,,,,2026.01=100,,198702,28.459
901Y062,4.4.1.1. 주택매매가격지수(KB),P63A,총지수,,,,,,,2026.01=100,,198703,28.415
901Y062,4.4.1.1. 주택매매가격지수(KB),P63A,총지수,,,,,,,2026.01=100,,198704,28.459
901Y062,4.4.1.1. 주택매매가격지수(KB),P63A,총지수,,,,,,,2026.01=100,,198705,28.459
901Y062,4.4.1.1. 주택매매가격지수(KB),P63A,총지수,,,,,,,2026.01=100,,198706,28.459
901Y062,4.4.1.1. 주택매매가격지수(KB),P63A,총지수,,,,,,,2026.01=100,,198707,28.503
901Y062,4.4.1.1. 주택매매가격지수(KB),P63A,총지수,,,,,,,2026.01=100,,198708,28.634
901Y062,4.4.1.1. 주택매매가격지수(KB),P63A,총지수,,,,,,,2026.01=100,,198709,29.732
901Y062,4.4.1.1. 주택매매가격지수(KB),P63A,총지수,,,,,,,2026.01=100,,198710,30.172
901Y062,4.4.1.1. 주택매매가격지수(KB),P63A,총지수,,,,,,,2026.01=100,,198711,30.523
901Y062,4.4.1.1. 주택매매가격지수(KB),P63A,총지수,,,,,,,2026.01=100,,198712,30.567
901Y062,4.4.1.1. 주택매매가격지수(KB),P63A,총지수,,,,,,,2026.01=100,,198801,30.962
901Y062,4.4.1.1. 주택매매가격지수(KB),P63A,총지수,,,,,,,2026.01=100,,198802,31.709
901Y062,4.4.1.1. 주택매매가격지수(KB),P63A,총지수,,,,,,,2026.01=100,,198803,32.499
901Y062,4.4.1.1. 주택매매가격지수(KB),P63A,총지수,,,,,,,2026.01=100,,198804,33.158
901Y062,4.4.1.1. 주택매매가격지수(KB),P63A,총지수,,,,,,,2026.01=100,,198805,33.465
901Y062,4.4.1.1. 주택매매가격지수(KB),P63A,총지수,,,,,,,2026.01=100,,198806,33.729
901Y062,4.4.1.1. 주택매매가격지수(KB),P63A,총지수,,,,,,,2026.01=100,,198807,34.08
901Y062,4.4.1.1. 주택매매가격지수(KB),P63A,총지수,,,,,,,2026.01=100,,198808,34.915
901Y062,4.4.1.1. 주택매매가격지수(KB),P63A,총지수,,,,,,,2026.01=100,,198809,34.827
901Y062,4.4.1.1. 주택매매가격지수(KB),P63A,총지수,,,,,,,2026.01=100,,198810,34.783
901Y062,4.4.1.1. 주택매매가격지수(KB),P63A,총지수,,,,,,,2026.01=100,,198811,34.519
901Y062,4.4.1.1. 주택매매가격지수(KB),P63A,총지수,,,,,,,2026.01=100,,198812,34.607
901Y062,4.4.1.1. 주택매매가격지수(KB),P63A,총지수,,,,,,,2026.01=100,,198901,35.002
901Y062,4.4.1.1. 주택매매가격지수(KB),P63A,총지수,,,,,,,2026.01=100,,198902,36.1
901Y062,4.4.1.1. 주택매매가격지수(KB),P63A,총지수,,,,,,,2026.01=100,,198903,37.111
901Y062,4.4.1.1. 주택매매가격지수(KB),P63A,총지수,,,,,,,2026.01=100,,198904,38.648
901Y062,4.4.1.1. 주택매매가격지수(KB),P63A,총지수,,,,,,,2026.01=100,,198905,38.955
901Y062,4.4.1.1. 주택매매가격지수(KB),P63A,총지수,,,,,,,2026.01=100,,198906,39.043
901Y062,4.4.1.1. 주택매매가격지수(KB),P63A,총지수,,,,,,,2026.01=100,,198907,38.955
901Y062,4.4.1.1. 주택매매가격지수(KB),P63A,총지수,,,,,,,2026.01=100,,198908,38.955
901Y062,4.4.1.1. 주택매매가격지수(KB),P63A,총지수,,,,,,,2026.01=100,,198909,39.043
901Y062,4.4.1.1. 주택매매가격지수(KB),P63A,총지수,,,,,,,2026.01=100,,198910,39.263
901Y062,4.4.1.1. 주택매매가격지수(KB),P63A,총지수,,,,,,,2026.01=100,,198911,39.482
901Y062,4.4.1.1. 주택매매가격지수(KB),P63A,총지수,,,,,,,2026.01=100,,198912,39.658
901Y062,4.4.1.1. 주택매매가격지수(KB),P63A,총지수,,,,,,,2026.01=100,,199001,40.009
901Y062,4.4.1.1. 주택매매가격지수(KB),P63A,총지수,,,,,,,2026.01=100,,199002,41.985
901Y062,4.4.1.1. 주택매매가격지수(KB),P63A,총지수,,,,,,,2026.01=100,,199003,42.952
901Y062,4.4.1.1. 주택매매가격지수(KB),P63A,총지수,,,,,,,2026.01=100,,199004,44.313
901Y062,4.4.1.1. 주택매매가격지수(KB),P63A,총지수,,,,,,,2026.01=100,,199005,44.796
901Y062,4.4.1.1. 주택매매가격지수(KB),P63A,총지수,,,,,,,2026.01=100,,199006,44.928
901Y062,4.4.1.1. 주택매매가격지수(KB),P63A,총지수,,,,,,,2026.01=100,,199007,45.06
901Y062,4.4.1.1. 주택매매가격지수(KB),P63A,총지수,,,,,,,2026.01=100,,199008,45.411
901Y062,4.4.1.1. 주택매매가격지수(KB),P63A,총지수,,,,,,,2026.01=100,,199009,46.597
901Y062,4.4.1.1. 주택매매가격지수(KB),P63A,총지수,,,,,,,2026.01=100,,199010,47.212
901Y062,4.4.1.1. 주택매매가격지수(KB),P63A,총지수,,,,,,,2026.01=100,,199011,47.826
901Y062,4.4.1.1. 주택매매가격지수(KB),P63A,총지수,,,,,,,2026.01=100,,199012,48.002
901Y062,4.4.1.1. 주택매매가격지수(KB),P63A,총지수,,,,,,,2026.01=100,,199101,48.266
901Y062,4.4.1.1. 주택매매가격지수(KB),P63A,총지수,,,,,,,2026.01=100,,199102,48.88
901Y062,4.4.1.1. 주택매매가격지수(KB),P63A,총지수,,,,,,,2026.01=100,,199103,49.671
901Y062,4.4.1.1. 주택매매가격지수(KB),P63A,총지수,,,,,,,2026.01=100,,199104,50.769
901Y062,4.4.1.1. 주택매매가격지수(KB),P63A,총지수,,,,,,,2026.01=100,,199105,50.725
901Y062,4.4.1.1. 주택매매가격지수(KB),P63A,총지수,,,,,,,2026.01=100,,199106,50.505
901Y062,4.4.1.1. 주택매매가격지수(KB),P63A,총지수,,,,,,,2026.01=100,,199107,50.286
901Y062,4.4.1.1. 주택매매가격지수(KB),P63A,총지수,,,,,,,2026.01=100,,199108,50.066
901Y062,4.4.1.1. 주택매매가격지수(KB),P63A,총지수,,,,,,,2026.01=100,,199109,49.891
901Y062,4.4.1.1. 주택매매가격지수(KB),P63A,총지수,,,,,,,2026.01=100,,199110,49.539
901Y062,4.4.1.1. 주택매매가격지수(KB),P63A,총지수,,,,,,,2026.01=100,,199111,48.529
901Y062,4.4.1.1. 주택매매가격지수(KB),P63A,총지수,,,,,,,2026.01=100,,199112,47.739
901Y062,4.4.1.1. 주택매매가격지수(KB),P63A,총지수,,,,,,,2026.01=100,,199201,47.519
901Y062,4.4.1.1. 주택매매가격지수(KB),P63A,총지수,,,,,,,2026.01=100,,199202,47.431
901Y062,4.4.1.1. 주택매매가격지수(KB),P63A,총지수,,,,,,,2026.01=100,,199203,47.299
901Y062,4.4.1.1. 주택매매가격지수(KB),P63A,총지수,,,,,,,2026.01=100,,199204,47.036
901Y062,4.4.1.1. 주택매매가격지수(KB),P63A,총지수,,,,,,,2026.01=100,,199205,46.509
901Y062,4.4.1.1. 주택매매가격지수(KB),P63A,총지수,,,,,,,2026.01=100,,199206,45.982
901Y062,4.4.1.1. 주택매매가격지수(KB),P63A,총지수,,,,,,,2026.01=100,,199207,45.631
901Y062,4.4.1.1. 주택매매가격지수(KB),P63A,총지수,,,,,,,2026.01=100,,199208,45.675
901Y062,4.4.1.1. 주택매매가격지수(KB),P63A,총지수,,,,,,,2026.01=100,,199209,46.026
901Y062,4.4.1.1. 주택매매가격지수(KB),P63A,총지수,,,,,,,2026.01=100,,199210,45.938
901Y062,4.4.1.1. 주택매매가격지수(KB),P63A,총지수,,,,,,,2026.01=100,,199211,45.675
901Y062,4.4.1.1. 주택매매가격지수(KB),P63A,총지수,,,,,,,2026.01=100,,199212,45.367
901Y062,4.4.1.1. 주택매매가격지수(KB),P63A,총지수,,,,,,,2026.01=100,,199301,45.279
901Y062,4.4.1.1. 주택매매가격지수(KB),P63A,총지수,,,,,,,2026.01=100,,199302,45.455
901Y062,4.4.1.1. 주택매매가격지수(KB),P63A,총지수,,,,,,,2026.01=100,,199303,45.455
901Y062,4.4.1.1. 주택매매가격지수(KB),P63A,총지수,,,,,,,2026.01=100,,199304,45.279
901Y062,4.4.1.1. 주택매매가격지수(KB),P63A,총지수,,,,,,,2026.01=100,,199305,45.016
901Y062,4.4.1.1. 주택매매가격지수(KB),P63A,총지수,,,,,,,2026.01=100,,199306,44.752
901Y062,4.4.1.1. 주택매매가격지수(KB),P63A,총지수,,,,,,,2026.01=100,,199307,44.533
901Y062,4.4.1.1. 주택매매가격지수(KB),P63A,총지수,,,,,,,2026.01=100,,199308,44.401
901Y062,4.4.1.1. 주택매매가격지수(KB),P63A,총지수,,,,,,,2026.01=100,,199309,44.313
901Y062,4.4.1.1. 주택매매가격지수(KB),P63A,총지수,,,,,,,2026.01=100,,199310,44.269
901Y062,4.4.1.1. 주택매매가격지수(KB),P63A,총지수,,,,,,,2026.01=100,,199311,44.137
901Y062,4.4.1.1. 주택매매가격지수(KB),P63A,총지수,,,,,,,2026.01=100,,199312,44.05
901Y062,4.4.1.1. 주택매매가격지수(KB),P63A,총지수,,,,,,,2026.01=100,,199401,44.05
901Y062,4.4.1.1. 주택매매가격지수(KB),P63A,총지수,,,,,,,2026.01=100,,199402,44.093
901Y062,4.4.1.1. 주택매매가격지수(KB),P63A,총지수,,,,,,,2026.01=100,,199403,44.093
901Y062,4.4.1.1. 주택매매가격지수(KB),P63A,총지수,,,,,,,2026.01=100,,199404,44.05
901Y062,4.4.1.1. 주택매매가격지수(KB),P63A,총지수,,,,,,,2026.01=100,,199405,44.006
901Y062,4.4.1.1. 주택매매가격지수(KB),P63A,총지수,,,,,,,2026.01=100,,199406,43.962
901Y062,4.4.1.1. 주택매매가격지수(KB),P63A,총지수,,,,,,,2026.01=100,,199407,43.918
901Y062,4.4.1.1. 주택매매가격지수(KB),P63A,총지수,,,,,,,2026.01=100,,199408,43.962
901Y062,4.4.1.1. 주택매매가격지수(KB),P63A,총지수,,,,,,,2026.01=100,,199409,44.05
901Y062,4.4.1.1. 주택매매가격지수(KB),P63A,총지수,,,,,,,2026.01=100,,199410,44.05
901Y062,4.4.1.1. 주택매매가격지수(KB),P63A,총지수,,,,,,,2026.01=100,,199411,44.006
901Y062,4.4.1.1. 주택매매가격지수(KB),P63A,총지수,,,,,,,2026.01=100,,199412,44.006
901Y062,4.4.1.1. 주택매매가격지수(KB),P63A,총지수,,,,,,,2026.01=100,,199501,43.962
901Y062,4.4.1.1. 주택매매가격지수(KB),P63A,총지수,,,,,,,2026.01=100,,199502,43.962
901Y062,4.4.1.1. 주택매매가격지수(KB),P63A,총지수,,,,,,,2026.01=100,,199503,44.006
901Y062,4.4.1.1. 주택매매가격지수(KB),P63A,총지수,,,,,,,2026.01=100,,199504,44.006
901Y062,4.4.1.1. 주택매매가격지수(KB),P63A,총지수,,,,,,,2026.01=100,,199505,43.962
901Y062,4.4.1.1. 주택매매가격지수(KB),P63A,총지수,,,,,,,2026.01=100,,199506,43.962
901Y062,4.4.1.1. 주택매매가격지수(KB),P63A,총지수,,,,,,,2026.01=100,,199507,43.918
901Y062,4.4.1.1. 주택매매가격지수(KB),P63A,총지수,,,,,,,2026.01=100,,199508,43.918
901Y062,4.4.1.1. 주택매매가격지수(KB),P63A,총지수,,,,,,,2026.01=100,,199509,43.962
901Y062,4.4.1.1. 주택매매가격지수(KB),P63A,총지수,,,,,,,2026.01=100,,199510,43.962
901Y062,4.4.1.1. 주택매매가격지수(KB),P63A,총지수,,,,,,,2026.01=100,,199511,43.918
901Y062,4.4.1.1. 주택매매가격지수(KB),P63A,총지수,,,,,,,2026.01=100,,199512,43.918
901Y062,4.4.1.1. 주택매매가격지수(KB),P63A,총지수,,,,,,,2026.01=100,,199601,43.962
901Y062,4.4.1.1. 주택매매가격지수(KB),P63A,총지수,,,,,,,2026.01=100,,199602,44.05
901Y062,4.4.1.1. 주택매매가격지수(KB),P63A,총지수,,,,,,,2026.01=100,,199603,44.181
901Y062,4.4.1.1. 주택매매가격지수(KB),P63A,총지수,,,,,,,2026.01=100,,199604,44.225
901Y062,4.4.1.1. 주택매매가격지수(KB),P63A,총지수,,,,,,,2026.01=100,,199605,44.225
901Y062,4.4.1.1. 주택매매가격지수(KB),P63A,총지수,,,,,,,2026.01=100,,199606,44.181
901Y062,4.4.1.1. 주택매매가격지수(KB),P63A,총지수,,,,,,,2026.01=100,,199607,44.181
901Y062,4.4.1.1. 주택매매가격지수(KB),P63A,총지수,,,,,,,2026.01=100,,199608,44.225
901Y062,4.4.1.1. 주택매매가격지수(KB),P63A,총지수,,,,,,,2026.01=100,,199609,44.401
901Y062,4.4.1.1. 주택매매가격지수(KB),P63A,총지수,,,,,,,2026.01=100,,199610,44.489
901Y062,4.4.1.1. 주택매매가격지수(KB),P63A,총지수,,,,,,,2026.01=100,,199611,44.533
901Y062,4.4.1.1. 주택매매가격지수(KB),P63A,총지수,,,,,,,2026.01=100,,199612,44.577
901Y062,4.4.1.1. 주택매매가격지수(KB),P63A,총지수,,,,,,,2026.01=100,,199701,45.06
901Y062,4.4.1.1. 주택매매가격지수(KB),P63A,총지수,,,,,,,2026.01=100,,199702,45.455
901Y062,4.4.1.1. 주택매매가격지수(KB),P63A,총지수,,,,,,,2026.01=100,,199703,45.631
901Y062,4.4.1.1. 주택매매가격지수(KB),P63A,총지수,,,,,,,2026.01=100,,199704,45.675
901Y062,4.4.1.1. 주택매매가격지수(KB),P63A,총지수,,,,,,,2026.01=100,,199705,45.631
901Y062,4.4.1.1. 주택매매가격지수(KB),P63A,총지수,,,,,,,2026.01=100,,199706,45.631
901Y062,4.4.1.1. 주택매매가격지수(KB),P63A,총지수,,,,,,,2026.01=100,,199707,45.587
901Y062,4.4.1.1. 주택매매가격지수(KB),P63A,총지수,,,,,,,2026.01=100,,199708,45.631
901Y062,4.4.1.1. 주택매매가격지수(KB),P63A,총지수,,,,,,,2026.01=100,,199709,45.762
901Y062,4.4.1.1. 주택매매가격지수(KB),P63A,총지수,,,,,,,2026.01=100,,199710,45.762
901Y062,4.4.1.1. 주택매매가격지수(KB),P63A,총지수,,,,,,,2026.01=100,,199711,45.675
901Y062,4.4.1.1. 주택매매가격지수(KB),P63A,총지수,,,,,,,2026.01=100,,199712,45.455
901Y062,4.4.1.1. 주택매매가격지수(KB),P63A,총지수,,,,,,,2026.01=100,,199801,45.104
901Y062,4.4.1.1. 주택매매가격지수(KB),P63A,총지수,,,,,,,2026.01=100,,199802,44.533
901Y062,4.4.1.1. 주택매매가격지수(KB),P63A,총지수,,,,,,,2026.01=100,,199803,43.303
901Y062,4.4.1.1. 주택매매가격지수(KB),P63A,총지수,,,,,,,2026.01=100,,199804,42.073
901Y062,4.4.1.1. 주택매매가격지수(KB),P63A,총지수,,,,,,,2026.01=100,,199805,41.063
901Y062,4.4.1.1. 주택매매가격지수(KB),P63A,총지수,,,,,,,2026.01=100,,199806,40.448
901Y062,4.4.1.1. 주택매매가격지수(KB),P63A,총지수,,,,,,,2026.01=100,,199807,40.273
901Y062,4.4.1.1. 주택매매가격지수(KB),P63A,총지수,,,,,,,2026.01=100,,199808,40.317
901Y062,4.4.1.1. 주택매매가격지수(KB),P63A,총지수,,,,,,,2026.01=100,,199809,40.141
901Y062,4.4.1.1. 주택매매가격지수(KB),P63A,총지수,,,,,,,2026.01=100,,199810,39.833
901Y062,4.4.1.1. 주택매매가격지수(KB),P63A,총지수,,,,,,,2026.01=100,,199811,39.702
901Y062,4.4.1.1. 주택매매가격지수(KB),P63A,총지수,,,,,,,2026.01=100,,199812,39.833
901Y062,4.4.1.1. 주택매매가격지수(KB),P63A,총지수,,,,,,,2026.01=100,,199901,40.317
901Y062,4.4.1.1. 주택매매가격지수(KB),P63A,총지수,,,,,,,2026.01=100,,199902,40.404
901Y062,4.4.1.1. 주택매매가격지수(KB),P63A,총지수,,,,,,,2026.01=100,,199903,40.536
901Y062,4.4.1.1. 주택매매가격지수(KB),P63A,총지수,,,,,,,2026.01=100,,199904,40.58
901Y062,4.4.1.1. 주택매매가격지수(KB),P63A,총지수,,,,,,,2026.01=100,,199905,40.668
901Y062,4.4.1.1. 주택매매가격지수(KB),P63A,총지수,,,,,,,2026.01=100,,199906,40.668
901Y062,4.4.1.1. 주택매매가격지수(KB),P63A,총지수,,,,,,,2026.01=100,,199907,40.8
901Y062,4.4.1.1. 주택매매가격지수(KB),P63A,총지수,,,,,,,2026.01=100,,199908,41.063
901Y062,4.4.1.1. 주택매매가격지수(KB),P63A,총지수,,,,,,,2026.01=100,,199909,41.371
901Y062,4.4.1.1. 주택매매가격지수(KB),P63A,총지수,,,,,,,2026.01=100,,199910,41.414
901Y062,4.4.1.1. 주택매매가격지수(KB),P63A,총지수,,,,,,,2026.01=100,,199911,41.283
901Y062,4.4.1.1. 주택매매가격지수(KB),P63A,총지수,,,,,,,2026.01=100,,199912,41.195
901Y062,4.4.1.1. 주택매매가격지수(KB),P63A,총지수,,,,,,,2026.01=100,,200001,41.327
901Y062,4.4.1.1. 주택매매가격지수(KB),P63A,총지수,,,,,,,2026.01=100,,200002,41.502
901Y062,4.4.1.1. 주택매매가격지수(KB),P63A,총지수,,,,,,,2026.01=100,,200003,41.678
901Y062,4.4.1.1. 주택매매가격지수(KB),P63A,총지수,,,,,,,2026.01=100,,200004,41.722
901Y062,4.4.1.1. 주택매매가격지수(KB),P63A,총지수,,,,,,,2026.01=100,,200005,41.678
901Y062,4.4.1.1. 주택매매가격지수(KB),P63A,총지수,,,,,,,2026.01=100,,200006,41.546
901Y062,4.4.1.1. 주택매매가격지수(KB),P63A,총지수,,,,,,,2026.01=100,,200007,41.546
901Y062,4.4.1.1. 주택매매가격지수(KB),P63A,총지수,,,,,,,2026.01=100,,200008,41.634
901Y062,4.4.1.1. 주택매매가격지수(KB),P63A,총지수,,,,,,,2026.01=100,,200009,41.722
901Y062,4.4.1.1. 주택매매가격지수(KB),P63A,총지수,,,,,,,2026.01=100,,200010,41.766
901Y062,4.4.1.1. 주택매매가격지수(KB),P63A,총지수,,,,,,,2026.01=100,,200011,41.634
901Y062,4.4.1.1. 주택매매가격지수(KB),P63A,총지수,,,,,,,2026.01=100,,200012,41.371
901Y062,4.4.1.1. 주택매매가격지수(KB),P63A,총지수,,,,,,,2026.01=100,,200101,41.327
901Y062,4.4.1.1. 주택매매가격지수(KB),P63A,총지수,,,,,,,2026.01=100,,200102,41.458
901Y062,4.4.1.1. 주택매매가격지수(KB),P63A,총지수,,,,,,,2026.01=100,,200103,41.722
901Y062,4.4.1.1. 주택매매가격지수(KB),P63A,총지수,,,,,,,2026.01=100,,200104,41.985
901Y062,4.4.1.1. 주택매매가격지수(KB),P63A,총지수,,,,,,,2026.01=100,,200105,42.293
901Y062,4.4.1.1. 주택매매가격지수(KB),P63A,총지수,,,,,,,2026.01=100,,200106,42.644
901Y062,4.4.1.1. 주택매매가격지수(KB),P63A,총지수,,,,,,,2026.01=100,,200107,43.171
901Y062,4.4.1.1. 주택매매가격지수(KB),P63A,총지수,,,,,,,2026.01=100,,200108,44.006
901Y062,4.4.1.1. 주택매매가격지수(KB),P63A,총지수,,,,,,,2026.01=100,,200109,44.708
901Y062,4.4.1.1. 주택매매가격지수(KB),P63A,총지수,,,,,,,2026.01=100,,200110,44.928
901Y062,4.4.1.1. 주택매매가격지수(KB),P63A,총지수,,,,,,,2026.01=100,,200111,45.104
901Y062,4.4.1.1. 주택매매가격지수(KB),P63A,총지수,,,,,,,2026.01=100,,200112,45.455
901Y062,4.4.1.1. 주택매매가격지수(KB),P63A,총지수,,,,,,,2026.01=100,,200201,46.641
901Y062,4.4.1.1. 주택매매가격지수(KB),P63A,총지수,,,,,,,2026.01=100,,200202,47.826
901Y062,4.4.1.1. 주택매매가격지수(KB),P63A,총지수,,,,,,,2026.01=100,,200203,48.924
901Y062,4.4.1.1. 주택매매가격지수(KB),P63A,총지수,,,,,,,2026.01=100,,200204,49.408
901Y062,4.4.1.1. 주택매매가격지수(KB),P63A,총지수,,,,,,,2026.01=100,,200205,49.715
901Y062,4.4.1.1. 주택매매가격지수(KB),P63A,총지수,,,,,,,2026.01=100,,200206,49.935
901Y062,4.4.1.1. 주택매매가격지수(KB),P63A,총지수,,,,,,,2026.01=100,,200207,50.418
901Y062,4.4.1.1. 주택매매가격지수(KB),P63A,총지수,,,,,,,2026.01=100,,200208,51.296
901Y062,4.4.1.1. 주택매매가격지수(KB),P63A,총지수,,,,,,,2026.01=100,,200209,52.526
901Y062,4.4.1.1. 주택매매가격지수(KB),P63A,총지수,,,,,,,2026.01=100,,200210,52.789
901Y062,4.4.1.1. 주택매매가격지수(KB),P63A,총지수,,,,,,,2026.01=100,,200211,52.833
901Y062,4.4.1.1. 주택매매가격지수(KB),P63A,총지수,,,,,,,2026.01=100,,200212,52.921
901Y062,4.4.1.1. 주택매매가격지수(KB),P63A,총지수,,,,,,,2026.01=100,,200301,52.877
901Y062,4.4.1.1. 주택매매가격지수(KB),P63A,총지수,,,,,,,2026.01=100,,200302,53.141
901Y062,4.4.1.1. 주택매매가격지수(KB),P63A,총지수,,,,,,,2026.01=100,,200303,53.536
901Y062,4.4.1.1. 주택매매가격지수(KB),P63A,총지수,,,,,,,2026.01=100,,200304,54.019
901Y062,4.4.1.1. 주택매매가격지수(KB),P63A,총지수,,,,,,,2026.01=100,,200305,54.897
901Y062,4.4.1.1. 주택매매가격지수(KB),P63A,총지수,,,,,,,2026.01=100,,200306,55.292
901Y062,4.4.1.1. 주택매매가격지수(KB),P63A,총지수,,,,,,,2026.01=100,,200307,55.415
901Y062,4.4.1.1. 주택매매가격지수(KB),P63A,총지수,,,,,,,2026.01=100,,200308,55.598
901Y062,4.4.1.1. 주택매매가격지수(KB),P63A,총지수,,,,,,,2026.01=100,,200309,56.066
901Y062,4.4.1.1. 주택매매가격지수(KB),P63A,총지수,,,,,,,2026.01=100,,200310,56.626
901Y062,4.4.1.1. 주택매매가격지수(KB),P63A,총지수,,,,,,,2026.01=100,,200311,56.424
901Y062,4.4.1.1. 주택매매가격지수(KB),P63A,총지수,,,,,,,2026.01=100,,200312,55.958
901Y062,4.4.1.1. 주택매매가격지수(KB),P63A,총지수,,,,,,,2026.01=100,,200401,55.729
901Y062,4.4.1.1. 주택매매가격지수(KB),P63A,총지수,,,,,,,2026.01=100,,200402,55.843
901Y062,4.4.1.1. 주택매매가격지수(KB),P63A,총지수,,,,,,,2026.01=100,,200403,55.956
901Y062,4.4.1.1. 주택매매가격지수(KB),P63A,총지수,,,,,,,2026.01=100,,200404,56.049
901Y062,4.4.1.1. 주택매매가격지수(KB),P63A,총지수,,,,,,,2026.01=100,,200405,56.04
901Y062,4.4.1.1. 주택매매가격지수(KB),P63A,총지수,,,,,,,2026.01=100,,200406,55.897
901Y062,4.4.1.1. 주택매매가격지수(KB),P63A,총지수,,,,,,,2026.01=100,,200407,55.748
901Y062,4.4.1.1. 주택매매가격지수(KB),P63A,총지수,,,,,,,2026.01=100,,200408,55.526
901Y062,4.4.1.1. 주택매매가격지수(KB),P63A,총지수,,,,,,,2026.01=100,,200409,55.409
901Y062,4.4.1.1. 주택매매가격지수(KB),P63A,총지수,,,,,,,2026.01=100,,200410,55.275
901Y062,4.4.1.1. 주택매매가격지수(KB),P63A,총지수,,,,,,,2026.01=100,,200411,55.031
901Y062,4.4.1.1. 주택매매가격지수(KB),P63A,총지수,,,,,,,2026.01=100,,200412,54.801
901Y062,4.4.1.1. 주택매매가격지수(KB),P63A,총지수,,,,,,,2026.01=100,,200501,54.65
901Y062,4.4.1.1. 주택매매가격지수(KB),P63A,총지수,,,,,,,2026.01=100,,200502,54.825
901Y062,4.4.1.1. 주택매매가격지수(KB),P63A,총지수,,,,,,,2026.01=100,,200503,55.035
901Y062,4.4.1.1. 주택매매가격지수(KB),P63A,총지수,,,,,,,2026.01=100,,200504,55.352
901Y062,4.4.1.1. 주택매매가격지수(KB),P63A,총지수,,,,,,,2026.01=100,,200505,55.652
901Y062,4.4.1.1. 주택매매가격지수(KB),P63A,총지수,,,,,,,2026.01=100,,200506,56.105
901Y062,4.4.1.1. 주택매매가격지수(KB),P63A,총지수,,,,,,,2026.01=100,,200507,56.571
901Y062,4.4.1.1. 주택매매가격지수(KB),P63A,총지수,,,,,,,2026.01=100,,200508,56.776
901Y062,4.4.1.1. 주택매매가격지수(KB),P63A,총지수,,,,,,,2026.01=100,,200509,56.913
901Y062,4.4.1.1. 주택매매가격지수(KB),P63A,총지수,,,,,,,2026.01=100,,200510,56.895
901Y062,4.4.1.1. 주택매매가격지수(KB),P63A,총지수,,,,,,,2026.01=100,,200511,56.892
901Y062,4.4.1.1. 주택매매가격지수(KB),P63A,총지수,,,,,,,2026.01=100,,200512,57.001
901Y062,4.4.1.1. 주택매매가격지수(KB),P63A,총지수,,,,,,,2026.01=100,,200601,57.19
901Y062,4.4.1.1. 주택매매가격지수(KB),P63A,총지수,,,,,,,2026.01=100,,200602,57.449
901Y062,4.4.1.1. 주택매매가격지수(KB),P63A,총지수,,,,,,,2026.01=100,,200603,57.817
901Y062,4.4.1.1. 주택매매가격지수(KB),P63A,총지수,,,,,,,2026.01=100,,200604,58.329
901Y062,4.4.1.1. 주택매매가격지수(KB),P63A,총지수,,,,,,,2026.01=100,,200605,58.924
901Y062,4.4.1.1. 주택매매가격지수(KB),P63A,총지수,,,,,,,2026.01=100,,200606,59.206
901Y062,4.4.1.1. 주택매매가격지수(KB),P63A,총지수,,,,,,,2026.01=100,,200607,59.333
901Y062,4.4.1.1. 주택매매가격지수(KB),P63A,총지수,,,,,,,2026.01=100,,200608,59.476
901Y062,4.4.1.1. 주택매매가격지수(KB),P63A,총지수,,,,,,,2026.01=100,,200609,59.763
901Y062,4.4.1.1. 주택매매가격지수(KB),P63A,총지수,,,,,,,2026.01=100,,200610,60.567
901Y062,4.4.1.1. 주택매매가격지수(KB),P63A,총지수,,,,,,,2026.01=100,,200611,62.448
901Y062,4.4.1.1. 주택매매가격지수(KB),P63A,총지수,,,,,,,2026.01=100,,200612,63.612
901Y062,4.4.1.1. 주택매매가격지수(KB),P63A,총지수,,,,,,,2026.01=100,,200701,64.168
901Y062,4.4.1.1. 주택매매가격지수(KB),P63A,총지수,,,,,,,2026.01=100,,200702,64.401
901Y062,4.4.1.1. 주택매매가격지수(KB),P63A,총지수,,,,,,,2026.01=100,,200703,64.519
901Y062,4.4.1.1. 주택매매가격지수(KB),P63A,총지수,,,,,,,2026.01=100,,200704,64.603
901Y062,4.4.1.1. 주택매매가격지수(KB),P63A,총지수,,,,,,,2026.01=100,,200705,64.625
901Y062,4.4.1.1. 주택매매가격지수(KB),P63A,총지수,,,,,,,2026.01=100,,200706,64.713
901Y062,4.4.1.1. 주택매매가격지수(KB),P63A,총지수,,,,,,,2026.01=100,,200707,64.881
901Y062,4.4.1.1. 주택매매가격지수(KB),P63A,총지수,,,,,,,2026.01=100,,200708,65.003
901Y062,4.4.1.1. 주택매매가격지수(KB),P63A,총지수,,,,,,,2026.01=100,,200709,65.174
901Y062,4.4.1.1. 주택매매가격지수(KB),P63A,총지수,,,,,,,2026.01=100,,200710,65.342
901Y062,4.4.1.1. 주택매매가격지수(KB),P63A,총지수,,,,,,,2026.01=100,,200711,65.519
901Y062,4.4.1.1. 주택매매가격지수(KB),P63A,총지수,,,,,,,2026.01=100,,200712,65.611
901Y062,4.4.1.1. 주택매매가격지수(KB),P63A,총지수,,,,,,,2026.01=100,,200801,65.792
901Y062,4.4.1.1. 주택매매가격지수(KB),P63A,총지수,,,,,,,2026.01=100,,200802,65.993
901Y062,4.4.1.1. 주택매매가격지수(KB),P63A,총지수,,,,,,,2026.01=100,,200803,66.497
901Y062,4.4.1.1. 주택매매가격지수(KB),P63A,총지수,,,,,,,2026.01=100,,200804,67.078
901Y062,4.4.1.1. 주택매매가격지수(KB),P63A,총지수,,,,,,,2026.01=100,,200805,67.486
901Y062,4.4.1.1. 주택매매가격지수(KB),P63A,총지수,,,,,,,2026.01=100,,200806,67.894
901Y062,4.4.1.1. 주택매매가격지수(KB),P63A,총지수,,,,,,,2026.01=100,,200807,68.159
901Y062,4.4.1.1. 주택매매가격지수(KB),P63A,총지수,,,,,,,2026.01=100,,200808,68.295
901Y062,4.4.1.1. 주택매매가격지수(KB),P63A,총지수,,,,,,,2026.01=100,,200809,68.452
901Y062,4.4.1.1. 주택매매가격지수(KB),P63A,총지수,,,,,,,2026.01=100,,200810,68.416
901Y062,4.4.1.1. 주택매매가격지수(KB),P63A,총지수,,,,,,,2026.01=100,,200811,68.141
901Y062,4.4.1.1. 주택매매가격지수(KB),P63A,총지수,,,,,,,2026.01=100,,200812,67.649
901Y062,4.4.1.1. 주택매매가격지수(KB),P63A,총지수,,,,,,,2026.01=100,,200901,67.274
901Y062,4.4.1.1. 주택매매가격지수(KB),P63A,총지수,,,,,,,2026.01=100,,200902,67.106
901Y062,4.4.1.1. 주택매매가격지수(KB),P63A,총지수,,,,,,,2026.01=100,,200903,66.988
901Y062,4.4.1.1. 주택매매가격지수(KB),P63A,총지수,,,,,,,2026.01=100,,200904,67.028
901Y062,4.4.1.1. 주택매매가격지수(KB),P63A,총지수,,,,,,,2026.01=100,,200905,67.1
901Y062,4.4.1.1. 주택매매가격지수(KB),P63A,총지수,,,,,,,2026.01=100,,200906,67.23
901Y062,4.4.1.1. 주택매매가격지수(KB),P63A,총지수,,,,,,,2026.01=100,,200907,67.414
901Y062,4.4.1.1. 주택매매가격지수(KB),P63A,총지수,,,,,,,2026.01=100,,200908,67.627
901Y062,4.4.1.1. 주택매매가격지수(KB),P63A,총지수,,,,,,,2026.01=100,,200909,68.111
901Y062,4.4.1.1. 주택매매가격지수(KB),P63A,총지수,,,,,,,2026.01=100,,200910,68.369
901Y062,4.4.1.1. 주택매매가격지수(KB),P63A,총지수,,,,,,,2026.01=100,,200911,68.543
901Y062,4.4.1.1. 주택매매가격지수(KB),P63A,총지수,,,,,,,2026.01=100,,200912,68.64
901Y062,4.4.1.1. 주택매매가격지수(KB),P63A,총지수,,,,,,,2026.01=100,,201001,68.728
901Y062,4.4.1.1. 주택매매가격지수(KB),P63A,총지수,,,,,,,2026.01=100,,201002,68.928
901Y062,4.4.1.1. 주택매매가격지수(KB),P63A,총지수,,,,,,,2026.01=100,,201003,69.099
901Y062,4.4.1.1. 주택매매가격지수(KB),P63A,총지수,,,,,,,2026.01=100,,201004,69.233
901Y062,4.4.1.1. 주택매매가격지수(KB),P63A,총지수,,,,,,,2026.01=100,,201005,69.265
901Y062,4.4.1.1. 주택매매가격지수(KB),P63A,총지수,,,,,,,2026.01=100,,201006,69.272
901Y062,4.4.1.1. 주택매매가격지수(KB),P63A,총지수,,,,,,,2026.01=100,,201007,69.207
901Y062,4.4.1.1. 주택매매가격지수(KB),P63A,총지수,,,,,,,2026.01=100,,201008,69.173
901Y062,4.4.1.1. 주택매매가격지수(KB),P63A,총지수,,,,,,,2026.01=100,,201009,69.239
901Y062,4.4.1.1. 주택매매가격지수(KB),P63A,총지수,,,,,,,2026.01=100,,201010,69.383
901Y062,4.4.1.1. 주택매매가격지수(KB),P63A,총지수,,,,,,,2026.01=100,,201011,69.65
901Y062,4.4.1.1. 주택매매가격지수(KB),P63A,총지수,,,,,,,2026.01=100,,201012,69.936
901Y062,4.4.1.1. 주택매매가격지수(KB),P63A,총지수,,,,,,,2026.01=100,,201101,70.263
901Y062,4.4.1.1. 주택매매가격지수(KB),P63A,총지수,,,,,,,2026.01=100,,201102,70.826
901Y062,4.4.1.1. 주택매매가격지수(KB),P63A,총지수,,,,,,,2026.01=100,,201103,71.516
901Y062,4.4.1.1. 주택매매가격지수(KB),P63A,총지수,,,,,,,2026.01=100,,201104,72.105
901Y062,4.4.1.1. 주택매매가격지수(KB),P63A,총지수,,,,,,,2026.01=100,,201105,72.606
901Y062,4.4.1.1. 주택매매가격지수(KB),P63A,총지수,,,,,,,2026.01=100,,201106,72.964
901Y062,4.4.1.1. 주택매매가격지수(KB),P63A,총지수,,,,,,,2026.01=100,,201107,73.261
901Y062,4.4.1.1. 주택매매가격지수(KB),P63A,총지수,,,,,,,2026.01=100,,201108,73.623
901Y062,4.4.1.1. 주택매매가격지수(KB),P63A,총지수,,,,,,,2026.01=100,,201109,74.024
901Y062,4.4.1.1. 주택매매가격지수(KB),P63A,총지수,,,,,,,2026.01=100,,201110,74.318
901Y062,4.4.1.1. 주택매매가격지수(KB),P63A,총지수,,,,,,,2026.01=100,,201111,74.612
901Y062,4.4.1.1. 주택매매가격지수(KB),P63A,총지수,,,,,,,2026.01=100,,201112,74.737
901Y062,4.4.1.1. 주택매매가격지수(KB),P63A,총지수,,,,,,,2026.01=100,,201201,74.853
901Y062,4.4.1.1. 주택매매가격지수(KB),P63A,총지수,,,,,,,2026.01=100,,201202,74.979
901Y062,4.4.1.1. 주택매매가격지수(KB),P63A,총지수,,,,,,,2026.01=100,,201203,75.092
901Y062,4.4.1.1. 주택매매가격지수(KB),P63A,총지수,,,,,,,2026.01=100,,201204,75.173
901Y062,4.4.1.1. 주택매매가격지수(KB),P63A,총지수,,,,,,,2026.01=100,,201205,75.209
901Y062,4.4.1.1. 주택매매가격지수(KB),P63A,총지수,,,,,,,2026.01=100,,201206,75.183
901Y062,4.4.1.1. 주택매매가격지수(KB),P63A,총지수,,,,,,,2026.01=100,,201207,75.097
901Y062,4.4.1.1. 주택매매가격지수(KB),P63A,총지수,,,,,,,2026.01=100,,201208,75.022
901Y062,4.4.1.1. 주택매매가격지수(KB),P63A,총지수,,,,,,,2026.01=100,,201209,74.909
901Y062,4.4.1.1. 주택매매가격지수(KB),P63A,총지수,,,,,,,2026.01=100,,201210,74.824
901Y062,4.4.1.1. 주택매매가격지수(KB),P63A,총지수,,,,,,,2026.01=100,,201211,74.767
901Y062,4.4.1.1. 주택매매가격지수(KB),P63A,총지수,,,,,,,2026.01=100,,201212,74.715
901Y062,4.4.1.1. 주택매매가격지수(KB),P63A,총지수,,,,,,,2026.01=100,,201301,74.675
901Y062,4.4.1.1. 주택매매가격지수(KB),P63A,총지수,,,,,,,2026.01=100,,201302,74.631
901Y062,4.4.1.1. 주택매매가격지수(KB),P63A,총지수,,,,,,,2026.01=100,,201303,74.597
901Y062,4.4.1.1. 주택매매가격지수(KB),P63A,총지수,,,,,,,2026.01=100,,201304,74.599
901Y062,4.4.1.1. 주택매매가격지수(KB),P63A,총지수,,,,,,,2026.01=100,,201305,74.589
901Y062,4.4.1.1. 주택매매가격지수(KB),P63A,총지수,,,,,,,2026.01=100,,201306,74.559
901Y062,4.4.1.1. 주택매매가격지수(KB),P63A,총지수,,,,,,,2026.01=100,,201307,74.556
901Y062,4.4.1.1. 주택매매가격지수(KB),P63A,총지수,,,,,,,2026.01=100,,201308,74.528
901Y062,4.4.1.1. 주택매매가격지수(KB),P63A,총지수,,,,,,,2026.01=100,,201309,74.566
901Y062,4.4.1.1. 주택매매가격지수(KB),P63A,총지수,,,,,,,2026.01=100,,201310,74.718
901Y062,4.4.1.1. 주택매매가격지수(KB),P63A,총지수,,,,,,,2026.01=100,,201311,74.849
901Y062,4.4.1.1. 주택매매가격지수(KB),P63A,총지수,,,,,,,2026.01=100,,201312,74.992
901Y062,4.4.1.1. 주택매매가격지수(KB),P63A,총지수,,,,,,,2026.01=100,,201401,75.077
901Y062,4.4.1.1. 주택매매가격지수(KB),P63A,총지수,,,,,,,2026.01=100,,201402,75.199
901Y062,4.4.1.1. 주택매매가격지수(KB),P63A,총지수,,,,,,,2026.01=100,,201403,75.411
901Y062,4.4.1.1. 주택매매가격지수(KB),P63A,총지수,,,,,,,2026.01=100,,201404,75.566
901Y062,4.4.1.1. 주택매매가격지수(KB),P63A,총지수,,,,,,,2026.01=100,,201405,75.617
901Y062,4.4.1.1. 주택매매가격지수(KB),P63A,총지수,,,,,,,2026.01=100,,201406,75.669
901Y062,4.4.1.1. 주택매매가격지수(KB),P63A,총지수,,,,,,,2026.01=100,,201407,75.739
901Y062,4.4.1.1. 주택매매가격지수(KB),P63A,총지수,,,,,,,2026.01=100,,201408,75.841
901Y062,4.4.1.1. 주택매매가격지수(KB),P63A,총지수,,,,,,,2026.01=100,,201409,76.048
901Y062,4.4.1.1. 주택매매가격지수(KB),P63A,총지수,,,,,,,2026.01=100,,201410,76.273
901Y062,4.4.1.1. 주택매매가격지수(KB),P63A,총지수,,,,,,,2026.01=100,,201411,76.427
901Y062,4.4.1.1. 주택매매가격지수(KB),P63A,총지수,,,,,,,2026.01=100,,201412,76.568
901Y062,4.4.1.1. 주택매매가격지수(KB),P63A,총지수,,,,,,,2026.01=100,,201501,76.67
901Y062,4.4.1.1. 주택매매가격지수(KB),P63A,총지수,,,,,,,2026.01=100,,201502,76.844
901Y062,4.4.1.1. 주택매매가격지수(KB),P63A,총지수,,,,,,,2026.01=100,,201503,77.162
901Y062,4.4.1.1. 주택매매가격지수(KB),P63A,총지수,,,,,,,2026.01=100,,201504,77.543
901Y062,4.4.1.1. 주택매매가격지수(KB),P63A,총지수,,,,,,,2026.01=100,,201505,77.831
901Y062,4.4.1.1. 주택매매가격지수(KB),P63A,총지수,,,,,,,2026.01=100,,201506,78.189
901Y062,4.4.1.1. 주택매매가격지수(KB),P63A,총지수,,,,,,,2026.01=100,,201507,78.521
901Y062,4.4.1.1. 주택매매가격지수(KB),P63A,총지수,,,,,,,2026.01=100,,201508,78.828
901Y062,4.4.1.1. 주택매매가격지수(KB),P63A,총지수,,,,,,,2026.01=100,,201509,79.198
901Y062,4.4.1.1. 주택매매가격지수(KB),P63A,총지수,,,,,,,2026.01=100,,201510,79.467
901Y062,4.4.1.1. 주택매매가격지수(KB),P63A,총지수,,,,,,,2026.01=100,,201511,79.806
901Y062,4.4.1.1. 주택매매가격지수(KB),P63A,총지수,,,,,,,2026.01=100,,201512,79.951
901Y062,4.4.1.1. 주택매매가격지수(KB),P63A,총지수,,,,,,,2026.01=100,,201601,80.018
901Y062,4.4.1.1. 주택매매가격지수(KB),P63A,총지수,,,,,,,2026.01=100,,201602,80.075
901Y062,4.4.1.1. 주택매매가격지수(KB),P63A,총지수,,,,,,,2026.01=100,,201603,80.103
901Y062,4.4.1.1. 주택매매가격지수(KB),P63A,총지수,,,,,,,2026.01=100,,201604,80.136
901Y062,4.4.1.1. 주택매매가격지수(KB),P63A,총지수,,,,,,,2026.01=100,,201605,80.188
901Y062,4.4.1.1. 주택매매가격지수(KB),P63A,총지수,,,,,,,2026.01=100,,201606,80.261
901Y062,4.4.1.1. 주택매매가격지수(KB),P63A,총지수,,,,,,,2026.01=100,,201607,80.365
901Y062,4.4.1.1. 주택매매가격지수(KB),P63A,총지수,,,,,,,2026.01=100,,201608,80.467
901Y062,4.4.1.1. 주택매매가격지수(KB),P63A,총지수,,,,,,,2026.01=100,,201609,80.577
901Y062,4.4.1.1. 주택매매가격지수(KB),P63A,총지수,,,,,,,2026.01=100,,201610,80.771
901Y062,4.4.1.1. 주택매매가격지수(KB),P63A,총지수,,,,,,,2026.01=100,,201611,80.975
901Y062,4.4.1.1. 주택매매가격지수(KB),P63A,총지수,,,,,,,2026.01=100,,201612,81.034
901Y062,4.4.1.1. 주택매매가격지수(KB),P63A,총지수,,,,,,,2026.01=100,,201701,81.053
901Y062,4.4.1.1. 주택매매가격지수(KB),P63A,총지수,,,,,,,2026.01=100,,201702,81.062
901Y062,4.4.1.1. 주택매매가격지수(KB),P63A,총지수,,,,,,,2026.01=100,,201703,81.083
901Y062,4.4.1.1. 주택매매가격지수(KB),P63A,총지수,,,,,,,2026.01=100,,201704,81.114
901Y062,4.4.1.1. 주택매매가격지수(KB),P63A,총지수,,,,,,,2026.01=100,,201705,81.156
901Y062,4.4.1.1. 주택매매가격지수(KB),P63A,총지수,,,,,,,2026.01=100,,201706,81.297
901Y062,4.4.1.1. 주택매매가격지수(KB),P63A,총지수,,,,,,,2026.01=100,,201707,81.488
901Y062,4.4.1.1. 주택매매가격지수(KB),P63A,총지수,,,,,,,2026.01=100,,201708,81.682
901Y062,4.4.1.1. 주택매매가격지수(KB),P63A,총지수,,,,,,,2026.01=100,,201709,81.751
901Y062,4.4.1.1. 주택매매가격지수(KB),P63A,총지수,,,,,,,2026.01=100,,201710,81.843
901Y062,4.4.1.1. 주택매매가격지수(KB),P63A,총지수,,,,,,,2026.01=100,,201711,81.955
901Y062,4.4.1.1. 주택매매가격지수(KB),P63A,총지수,,,,,,,2026.01=100,,201712,82.039
901Y062,4.4.1.1. 주택매매가격지수(KB),P63A,총지수,,,,,,,2026.01=100,,201801,82.192
901Y062,4.4.1.1. 주택매매가격지수(KB),P63A,총지수,,,,,,,2026.01=100,,201802,82.37
901Y062,4.4.1.1. 주택매매가격지수(KB),P63A,총지수,,,,,,,2026.01=100,,201803,82.575
901Y062,4.4.1.1. 주택매매가격지수(KB),P63A,총지수,,,,,,,2026.01=100,,201804,82.715
901Y062,4.4.1.1. 주택매매가격지수(KB),P63A,총지수,,,,,,,2026.01=100,,201805,82.798
901Y062,4.4.1.1. 주택매매가격지수(KB),P63A,총지수,,,,,,,2026.01=100,,201806,82.878
901Y062,4.4.1.1. 주택매매가격지수(KB),P63A,총지수,,,,,,,2026.01=100,,201807,82.974
901Y062,4.4.1.1. 주택매매가격지수(KB),P63A,총지수,,,,,,,2026.01=100,,201808,83.151
901Y062,4.4.1.1. 주택매매가격지수(KB),P63A,총지수,,,,,,,2026.01=100,,201809,83.969
901Y062,4.4.1.1. 주택매매가격지수(KB),P63A,총지수,,,,,,,2026.01=100,,201810,84.441
901Y062,4.4.1.1. 주택매매가격지수(KB),P63A,총지수,,,,,,,2026.01=100,,201811,84.569
901Y062,4.4.1.1. 주택매매가격지수(KB),P63A,총지수,,,,,,,2026.01=100,,201812,84.635
901Y062,4.4.1.1. 주택매매가격지수(KB),P63A,총지수,,,,,,,2026.01=100,,201901,84.652
901Y062,4.4.1.1. 주택매매가격지수(KB),P63A,총지수,,,,,,,2026.01=100,,201902,84.596
901Y062,4.4.1.1. 주택매매가격지수(KB),P63A,총지수,,,,,,,2026.01=100,,201903,84.507
901Y062,4.4.1.1. 주택매매가격지수(KB),P63A,총지수,,,,,,,2026.01=100,,201904,84.39
901Y062,4.4.1.1. 주택매매가격지수(KB),P63A,총지수,,,,,,,2026.01=100,,201905,84.335
901Y062,4.4.1.1. 주택매매가격지수(KB),P63A,총지수,,,,,,,2026.01=100,,201906,84.261
901Y062,4.4.1.1. 주택매매가격지수(KB),P63A,총지수,,,,,,,2026.01=100,,201907,84.255
901Y062,4.4.1.1. 주택매매가격지수(KB),P63A,총지수,,,,,,,2026.01=100,,201908,84.302
901Y062,4.4.1.1. 주택매매가격지수(KB),P63A,총지수,,,,,,,2026.01=100,,201909,84.347
901Y062,4.4.1.1. 주택매매가격지수(KB),P63A,총지수,,,,,,,2026.01=100,,201910,84.426
901Y062,4.4.1.1. 주택매매가격지수(KB),P63A,총지수,,,,,,,2026.01=100,,201911,84.545
901Y062,4.4.1.1. 주택매매가격지수(KB),P63A,총지수,,,,,,,2026.01=100,,201912,84.84
901Y062,4.4.1.1. 주택매매가격지수(KB),P63A,총지수,,,,,,,2026.01=100,,202001,85.139
901Y062,4.4.1.1. 주택매매가격지수(KB),P63A,총지수,,,,,,,2026.01=100,,202002,85.454
901Y062,4.4.1.1. 주택매매가격지수(KB),P63A,총지수,,,,,,,2026.01=100,,202003,85.931
901Y062,4.4.1.1. 주택매매가격지수(KB),P63A,총지수,,,,,,,2026.01=100,,202004,86.128
901Y062,4.4.1.1. 주택매매가격지수(KB),P63A,총지수,,,,,,,2026.01=100,,202005,86.247
901Y062,4.4.1.1. 주택매매가격지수(KB),P63A,총지수,,,,,,,2026.01=100,,202006,86.664
901Y062,4.4.1.1. 주택매매가격지수(KB),P63A,총지수,,,,,,,2026.01=100,,202007,87.427
901Y062,4.4.1.1. 주택매매가격지수(KB),P63A,총지수,,,,,,,2026.01=100,,202008,88.107
901Y062,4.4.1.1. 주택매매가격지수(KB),P63A,총지수,,,,,,,2026.01=100,,202009,88.808
901Y062,4.4.1.1. 주택매매가격지수(KB),P63A,총지수,,,,,,,2026.01=100,,202010,89.402
901Y062,4.4.1.1. 주택매매가격지수(KB),P63A,총지수,,,,,,,2026.01=100,,202011,90.683
901Y062,4.4.1.1. 주택매매가격지수(KB),P63A,총지수,,,,,,,2026.01=100,,202012,91.92
901Y062,4.4.1.1. 주택매매가격지수(KB),P63A,총지수,,,,,,,2026.01=100,,202101,93.014
901Y062,4.4.1.1. 주택매매가격지수(KB),P63A,총지수,,,,,,,2026.01=100,,202102,94.281
901Y062,4.4.1.1. 주택매매가격지수(KB),P63A,총지수,,,,,,,2026.01=100,,202103,95.523
901Y062,4.4.1.1. 주택매매가격지수(KB),P63A,총지수,,,,,,,2026.01=100,,202104,96.536
901Y062,4.4.1.1. 주택매매가격지수(KB),P63A,총지수,,,,,,,2026.01=100,,202105,97.462
901Y062,4.4.1.1. 주택매매가격지수(KB),P63A,총지수,,,,,,,2026.01=100,,202106,98.739
901Y062,4.4.1.1. 주택매매가격지수(KB),P63A,총지수,,,,,,,2026.01=100,,202107,99.891
901Y062,4.4.1.1. 주택매매가격지수(KB),P63A,총지수,,,,,,,2026.01=100,,202108,101.386
901Y062,4.4.1.1. 주택매매가격지수(KB),P63A,총지수,,,,,,,2026.01=100,,202109,102.929
901Y062,4.4.1.1. 주택매매가격지수(KB),P63A,총지수,,,,,,,2026.01=100,,202110,104.008
901Y062,4.4.1.1. 주택매매가격지수(KB),P63A,총지수,,,,,,,2026.01=100,,202111,105.156
901Y062,4.4.1.1. 주택매매가격지수(KB),P63A,총지수,,,,,,,2026.01=100,,202112,105.682
901Y062,4.4.1.1. 주택매매가격지수(KB),P63A,총지수,,,,,,,2026.01=100,,202201,105.978
901Y062,4.4.1.1. 주택매매가격지수(KB),P63A,총지수,,,,,,,2026.01=100,,202202,106.198
901Y062,4.4.1.1. 주택매매가격지수(KB),P63A,총지수,,,,,,,2026.01=100,,202203,106.302
901Y062,4.4.1.1. 주택매매가격지수(KB),P63A,총지수,,,,,,,2026.01=100,,202204,106.526
901Y062,4.4.1.1. 주택매매가격지수(KB),P63A,총지수,,,,,,,2026.01=100,,202205,106.793
901Y062,4.4.1.1. 주택매매가격지수(KB),P63A,총지수,,,,,,,2026.01=100,,202206,106.899
901Y062,4.4.1.1. 주택매매가격지수(KB),P63A,총지수,,,,,,,2026.01=100,,202207,106.899
901Y062,4.4.1.1. 주택매매가격지수(KB),P63A,총지수,,,,,,,2026.01=100,,202208,106.749
901Y062,4.4.1.1. 주택매매가격지수(KB),P63A,총지수,,,,,,,2026.01=100,,202209,106.58
901Y062,4.4.1.1. 주택매매가격지수(KB),P63A,총지수,,,,,,,2026.01=100,,202210,105.993
901Y062,4.4.1.1. 주택매매가격지수(KB),P63A,총지수,,,,,,,2026.01=100,,202211,104.822
901Y062,4.4.1.1. 주택매매가격지수(KB),P63A,총지수,,,,,,,2026.01=100,,202212,103.746
901Y062,4.4.1.1. 주택매매가격지수(KB),P63A,총지수,,,,,,,2026.01=100,,202301,102.388
901Y062,4.4.1.1. 주택매매가격지수(KB),P63A,총지수,,,,,,,2026.01=100,,202302,101.578
901Y062,4.4.1.1. 주택매매가격지수(KB),P63A,총지수,,,,,,,2026.01=100,,202303,100.737
901Y062,4.4.1.1. 주택매매가격지수(KB),P63A,총지수,,,,,,,2026.01=100,,202304,99.954
901Y062,4.4.1.1. 주택매매가격지수(KB),P63A,총지수,,,,,,,2026.01=100,,202305,99.372
901Y062,4.4.1.1. 주택매매가격지수(KB),P63A,총지수,,,,,,,2026.01=100,,202306,99.128
901Y062,4.4.1.1. 주택매매가격지수(KB),P63A,총지수,,,,,,,2026.01=100,,202307,98.942
901Y062,4.4.1.1. 주택매매가격지수(KB),P63A,총지수,,,,,,,2026.01=100,,202308,98.886
901Y062,4.4.1.1. 주택매매가격지수(KB),P63A,총지수,,,,,,,2026.01=100,,202309,98.947
901Y062,4.4.1.1. 주택매매가격지수(KB),P63A,총지수,,,,,,,2026.01=100,,202310,99.009
901Y062,4.4.1.1. 주택매매가격지수(KB),P63A,총지수,,,,,,,2026.01=100,,202311,99.009
901Y062,4.4.1.1. 주택매매가격지수(KB),P63A,총지수,,,,,,,2026.01=100,,202312,98.929
901Y062,4.4.1.1. 주택매매가격지수(KB),P63A,총지수,,,,,,,2026.01=100,,202401,98.814
901Y062,4.4.1.1. 주택매매가격지수(KB),P63A,총지수,,,,,,,2026.01=100,,202402,98.737
901Y062,4.4.1.1. 주택매매가격지수(KB),P63A,총지수,,,,,,,2026.01=100,,202403,98.632
901Y062,4.4.1.1. 주택매매가격지수(KB),P63A,총지수,,,,,,,2026.01=100,,202404,98.6
901Y062,4.4.1.1. 주택매매가격지수(KB),P63A,총지수,,,,,,,2026.01=100,,202405,98.519
901Y062,4.4.1.1. 주택매매가격지수(KB),P63A,총지수,,,,,,,2026.01=100,,202406,98.449
901Y062,4.4.1.1. 주택매매가격지수(KB),P63A,총지수,,,,,,,2026.01=100,,202407,98.473
901Y062,4.4.1.1. 주택매매가격지수(KB),P63A,총지수,,,,,,,2026.01=100,,202408,98.585
901Y062,4.4.1.1. 주택매매가격지수(KB),P63A,총지수,,,,,,,2026.01=100,,202409,98.743
901Y062,4.4.1.1. 주택매매가격지수(KB),P63A,총지수,,,,,,,2026.01=100,,202410,98.831
901Y062,4.4.1.1. 주택매매가격지수(KB),P63A,총지수,,,,,,,2026.01=100,,202411,98.859
901Y062,4.4.1.1. 주택매매가격지수(KB),P63A,총지수,,,,,,,2026.01=100,,202412,98.773
901Y062,4.4.1.1. 주택매매가격지수(KB),P63A,총지수,,,,,,,2026.01=100,,202501,98.652
901Y062,4.4.1.1. 주택매매가격지수(KB),P63A,총지수,,,,,,,2026.01=100,,202502,98.555
901Y062,4.4.1.1. 주택매매가격지수(KB),P63A,총지수,,,,,,,2026.01=100,,202503,98.522
901Y062,4.4.1.1. 주택매매가격지수(KB),P63A,총지수,,,,,,,2026.01=100,,202504,98.554
901Y062,4.4.1.1. 주택매매가격지수(KB),P63A,총지수,,,,,,,2026.01=100,,202505,98.6
901Y062,4.4.1.1. 주택매매가격지수(KB),P63A,총지수,,,,,,,2026.01=100,,202506,98.734
901Y062,4.4.1.1. 주택매매가격지수(KB),P63A,총지수,,,,,,,2026.01=100,,202507,98.896
901Y062,4.4.1.1. 주택매매가격지수(KB),P63A,총지수,,,,,,,2026.01=100,,202508,98.938
901Y062,4.4.1.1. 주택매매가격지수(KB),P63A,총지수,,,,,,,2026.01=100,,202509,99.013
901Y062,4.4.1.1. 주택매매가격지수(KB),P63A,총지수,,,,,,,2026.01=100,,202510,99.22
901Y062,4.4.1.1. 주택매매가격지수(KB),P63A,총지수,,,,,,,2026.01=100,,202511,99.521
901Y062,4.4.1.1. 주택매매가격지수(KB),P63A,총지수,,,,,,,2026.01=100,,202512,99.806
901Y062,4.4.1.1. 주택매매가격지수(KB),P63A,총지수,,,,,,,2026.01=100,,202601,100
901Y062,4.4.1.1. 주택매매가격지수(KB),P63A,총지수,,,,,,,2026.01=100,,202602,100.299
901Y062,4.4.1.1. 주택매매가격지수(KB),P63A,총지수,,,,,,,2026.01=100,,202603,100.647
901Y062,4.4.1.1. 주택매매가격지수(KB),P63A,총지수,,,,,,,2026.01=100,,202604,100.871
901Y062,4.4.1.1. 주택매매가격지수(KB),P63A,총지수,,,,,,,2026.01=100,,202605,101.042
901Y062,4.4.1.1. 주택매매가격지수(KB),P63A,총지수,,,,,,,2026.01=100,,202606,101.282
901Y062,4.4.1.1. 주택매매가격지수(KB),P63A,총지수,,,,,,,2026.01=100,,202607,101.572
