release_date,survey_label,target_meeting,days_to_meeting,hike_pct,hold_pct,cut_pct,bmsi_rate_index,source_type,source_url,note
2013-01-09,2013년 1월 채권시장지표(BMSI),2013-01-11,2,,89.8,,108.6,news-article,http://v.daum.net/v/20130109110406864,"뉴시스. 기준금리 BMSI 108.6, 응답자 128명(채권보유·운용 종사자). 연합뉴스(20130109103120783)도 89.8% 확인"
2013-02-12,2013년 2월 채권시장지표(BMSI),2013-02-14,2,,84,15.2,114.4,news-article,http://v.daum.net/v/20130212114311108,"뉴시스. 기준금리 BMSI 114.4, 응답자 125명"
2013-03-12,2013년 3월 채권시장지표(BMSI),2013-03-14,2,,53.8,46.2,,news-article,http://v.daum.net/v/20130312105812189,"동결 53.8%는 연합뉴스, 인하 46.2%(132명 중 61명)는 한국경제(v.daum.net/v/20130312171905838)에서 각각 확인"
2013-04-09,2013년 4월 채권시장지표(BMSI),2013-04-11,2,,,57.9,157.9,news-article,http://v.daum.net/v/20130409141305822,뉴시스. 기준금리 BMSI 157.9(전월비 +11.7p). 동결 비율은 기사에 미기재(잔여 약 42.1%는 추정이므로 미기록)
2013-05-07,2013년 5월 채권시장지표(BMSI),2013-05-09,2,,71.3,,,news-article,http://v.daum.net/v/20130507102513237,연합뉴스 본문 71.3%(122명) 채택. 아시아경제 1건은 73.1%로 표기돼 상충
2013-06-11,2013년 6월 채권시장지표(BMSI),2013-06-13,2,,97.8,,,news-article,http://v.daum.net/v/20130611104924007,머니투데이 계열 본문 97.8% 확인
2013-07-09,2013년 7월 채권시장지표(BMSI),2013-07-11,2,,99.2,,,news-article,http://v.daum.net/v/20130709105617637,아시아경제·머니투데이 등 복수 매체 99.2%
2013-08-06,2013년 8월 채권시장지표(BMSI),2013-08-08,2,,100,,,news-article,http://v.daum.net/v/20130806104110792,복수 매체 '채권전문가 100% 동결'
2013-09-10,2013년 9월 채권시장지표(BMSI),2013-09-12,2,,100,,,news-article,http://v.daum.net/v/20130910153115703,"서울경제 등 복수 매체 100% 동결(응답 201명, 채권 종사자 126명 전원)"
2013-10-08,2013년 10월 채권시장지표(BMSI),2013-10-10,2,,98.4,,,news-article,http://v.daum.net/v/20131008111908235,뉴시스 등 98.4%
2013-11-12,2013년 11월 채권시장지표(BMSI),2013-11-14,2,,99.2,,,news-article,http://v.daum.net/v/20131112113118990,복수 매체 99.2%
2013-12-10,2013년 12월 채권시장지표(BMSI),2013-12-12,2,,99.2,,,news-article,http://v.daum.net/v/20131210105608640,복수 매체 99.2%
2014-01-07,2014년 1월 채권시장지표(BMSI),2014-01-09,2,,99.2,,,news-article,http://v.daum.net/v/20140107113511993,복수 매체 99.2%
2014-02-11,2014년 2월 채권시장지표(BMSI),2014-02-13,2,,99.2,,,news-article,http://v.daum.net/v/20140211110007975,복수 매체 99.2%
2014-03-11,2014년 3월 채권시장지표(BMSI),2014-03-13,2,,99.2,,,news-article,http://v.daum.net/v/20140313105107484,"발표 기사는 3/11(99%로 반올림 표기), 99.2%(124명 기준) 명시는 3/13 연합뉴스 종합기사"
2014-04-08,2014년 4월 채권시장지표(BMSI),2014-04-10,2,,99.2,,,news-article,http://v.daum.net/v/20140408181515697,본문 99.2%(제목은 99%)
2014-05-07,2014년 5월 채권시장지표(BMSI),2014-05-09,2,,98.4,,,news-article,http://v.daum.net/v/20140507145110011,복수 매체 98.4%
2014-06-10,2014년 6월 채권시장지표(BMSI),2014-06-12,2,,100,,,news-article,http://v.daum.net/v/20140610143515462,만장일치 동결 전망(응답 118명)
2014-07-08,2014년 7월 채권시장지표(BMSI),2014-07-10,2,,94.6,,,news-article,http://v.daum.net/v/20140708141512745,복수 매체 94.6%
2014-08-12,2014년 8월 채권시장지표(BMSI),2014-08-14,2,,,81.7,,news-article,http://v.daum.net/v/20140812100407480,복수 매체 인하 81.7%. 동결 비율 미보도(잔여 약 18%는 추정이므로 미기록). 8/14 금통위 실제 인하(2.50→2.25%)
2014-09-05,2014년 9월 채권시장지표(BMSI),2014-09-12,7,,96.5,,,news-article,http://v.daum.net/v/20140905112706052,본문 96.5%(응답 113명)
2014-10-13,2014년 10월 채권시장지표(BMSI),2014-10-15,2,,,50.4,,news-article,http://v.daum.net/v/20141013143608418,뉴시스 본문: 채권보유·운용 종사자 113명 중 57명(50.4%) 인하 전망. 동결 비율 명시 없음(잔여 49.6%는 추정이므로 미기록). 10/15 금통위 실제 인하(2.25→2.00%)
2014-11-11,2014년 11월 채권시장지표(BMSI),2014-11-13,2,,99,,,news-article,http://v.daum.net/v/20141111100406722,본문 99.0%(응답 104명)
2014-12-09,2014년 12월 채권시장지표(BMSI),2014-12-11,2,,98.2,,,news-article,http://v.daum.net/v/20141209103104271,복수 매체 98.2%
2015-01-13,2015년 1월 채권시장지표(BMSI),2015-01-15,2,,96.4,,,news-article,http://v.daum.net/v/20150113095413658,복수 매체 96.4%
2015-02-13,2015년 2월 채권시장지표(BMSI),2015-02-17,4,,91.2,,,news-article,http://v.daum.net/v/20150213102111229,복수 매체 91.2%
2015-03-10,2015년 3월 채권시장지표(BMSI),2015-03-12,2,,92.1,,,news-article,http://v.daum.net/v/20150310095710425,복수 매체 92.1%. 3/12 금통위 실제 인하(2.00→1.75%) — 서베이는 동결 우세였던 서프라이즈 인하
2015-04-07,2015년 4월 채권시장지표(BMSI),2015-04-09,2,,96.4,,,news-article,http://v.daum.net/v/20150407093530239,복수 매체 96.4%
2015-05-13,2015년 5월 채권시장지표(BMSI),2015-05-15,2,,93.4,,,news-article,http://v.daum.net/v/20150513094100873,복수 매체 93.4%
2015-06-09,2015년 6월 채권시장지표(BMSI),2015-06-11,2,,70.1,29.9,,news-article,http://v.daum.net/v/20150609153705104,"동결 70.1%(82명), 인하 29.9%는 별도 기사(v.daum.net/v/20150609142010439) 확인. 6/11 금통위 실제 인하(1.75→1.50%)"
2015-07-07,2015년 7월 채권시장지표(BMSI),2015-07-09,2,,98.2,,,news-article,http://v.daum.net/v/20150707113034598,복수 매체 98.2%
2015-08-11,2015년 8월 채권시장지표(BMSI),2015-08-13,2,,98.2,,,news-article,http://v.daum.net/v/20150811104731489,복수 매체 98.2%
2015-09-09,2015년 9월 채권시장지표(BMSI),2015-09-11,2,,95.7,,,news-article,http://v.daum.net/v/20150909103107122,복수 매체 95.7%
2015-10-13,2015년 10월 채권시장지표(BMSI),2015-10-15,2,,85,,,news-article,http://v.daum.net/v/20151013101948328,"본문 85.0% 확인. 인하 비율은 기사 간 표기 불일치(한 기사 19.5% 표기, 85%와 합이 100 초과)로 미기록"
2015-11-10,2015년 11월 채권시장지표(BMSI),2015-11-12,2,,96.4,,,news-article,http://v.daum.net/v/20151110112107733,복수 매체 96.4%
2015-12-08,2015년 12월 채권시장지표(BMSI),2015-12-10,2,,95.3,,,news-article,http://v.daum.net/v/20151208142030266,복수 매체 95.3%
2016-01-12,2016년 1월 채권시장지표(BMSI),2016-01-14,2,,98,,,news-article,http://v.daum.net/v/20160112140730686,복수 매체 98%
2016-02-12,2016년 2월 채권시장지표(BMSI),2016-02-16,4,,99,,,news-article,http://v.daum.net/v/20160212104536907,아시아경제 99.0%
2016-03-08,2016년 3월 채권시장지표(BMSI),2016-03-10,2,,72.5,,,news-article,http://v.daum.net/v/20160308100647930,"본문 72.5%(응답 200명, 전월 99%). 인하 비율은 본문 미기재(잔여 27.5%는 추정이므로 미기록)"
2016-04-14,2016년 4월 채권시장지표(BMSI),2016-04-19,5,,86.1,,,news-article,http://v.daum.net/v/20160414140948277,복수 매체 86.1%(4월 금통위가 4/19로 늦어 발표도 4/14)
2016-05-11,2016년 5월 채권시장지표(BMSI),2016-05-13,2,,85.7,,,news-article,http://v.daum.net/v/20160511102302381,복수 매체 85.7%
2016-06-07,2016년 6월 채권시장지표(BMSI),2016-06-09,2,,79.4,,,news-article,http://v.daum.net/v/20160607144749367,연합뉴스 본문 79.4%(응답 200명). 인하 비율 미기재(잔여 20.6%는 추정이므로 미기록). 6/9 금통위 실제 인하(1.50→1.25%) — 동결 우세 속 서프라이즈 인하
2016-07-12,2016년 7월 채권시장지표(BMSI),2016-07-14,2,,91.2,,,news-article,http://v.daum.net/v/20160712104231707,복수 매체 91.2%
2016-08-09,2016년 8월 채권시장지표(BMSI),2016-08-11,2,,96,,,news-article,http://v.daum.net/v/20160809111928212,복수 매체 96.0%
2016-09-07,2016년 9월 채권시장지표(BMSI),2016-09-09,2,,96,,,news-article,https://v.daum.net/v/20160907111809337,복수 매체 96.0%
2016-10-11,2016년 10월 채권시장지표(BMSI),2016-10-13,2,,98,,,news-article,http://v.daum.net/v/20161011104003866,복수 매체 98%
2016-11-09,2016년 11월 채권시장지표(BMSI),2016-11-11,2,,99,,,news-article,http://v.daum.net/v/20161109104003252,복수 매체 99.0%
2016-12-13,2016년 12월 채권시장지표(BMSI),2016-12-15,2,,98,,,news-article,http://v.daum.net/v/20161213114122380,복수 매체 98%(응답 100명 중 98명)
2017-01-11,2017년 1월 채권시장지표,2017-01-13,2,0,100,0,100,kofia-press-release,https://www.kofia.or.kr/npboard/m_18/view.do?nttId=115479&bbsId=BBSMSTR_000000000203,동결 100.0% 명시(→인상·인하 0은 산술적 확정). 기준금리 BMSI 100.0(전월 102.0). 1/13 금통위 대상. 이 시기 명명은 발표 당월 기준.
2017-02-21,2017년 2월 채권시장지표,2017-02-23,2,,99,,,kofia-press-release,https://www.kofia.or.kr/npboard/m_18/view.do?nttId=115825&bbsId=BBSMSTR_000000000203,"동결 99.0%(1.25% 유지)만 보도. 조사 2/8~13, 2/23 금통위 대상."
2017-04-11,2017년 4월 채권시장지표,2017-04-13,2,,99,,99,kofia-press-release,https://www.kofia.or.kr/npboard/m_18/view.do?nttId=116281&bbsId=BBSMSTR_000000000203,동결 99.0%. 기준금리 BMSI 99.0(전월 100.0) — 지수식(100+인하-인상)상 인상 1.0/인하 0.0으로 유도 가능하나 원문 미기재. 4/13 금통위 대상.
2017-05-23,2017년 5월 채권시장지표,2017-05-25,2,0,100,0,,kofia-press-release,https://www.kofia.or.kr/npboard/m_18/view.do?nttId=116617&bbsId=BBSMSTR_000000000203,"동결 100.0% 명시(→인상·인하 0 확정). 조사 5/10~15, 5/25 금통위 대상."
2017-07-11,2017년 7월 채권시장지표,2017-07-13,2,,98,,98,kofia-press-release,https://www.kofia.or.kr/npboard/m_18/view.do?nttId=117367&bbsId=BBSMSTR_000000000203,동결 98.0%(전월 100.0%). 기준금리 BMSI 98.0 — 지수식상 인상 2.0/인하 0.0 유도 가능. 7/13 금통위 대상.
2017-08-29,2017년 8월 채권시장지표,2017-08-31,2,,99,,99,kofia-press-release,https://www.kofia.or.kr/npboard/m_18/view.do?nttId=117737&bbsId=BBSMSTR_000000000203,동결 99.0%. 기준금리 BMSI 99.0(전월 98.0). 8/31 금통위 대상.
2017-10-17,2017년 10월 채권시장지표,2017-10-19,2,0,100,0,100,news-article,http://v.daum.net/v/20171017093827704,"응답자 100명 전원 동결(→인상·인하 0 확정). 기준금리 BMSI 100(전월과 동일). 조사 9/27~10/10, 10/19 금통위 대상. 금투협 게시판 검색에는 미노출, 이데일리·뉴시스·연합 등 복수 보도로 확인(공식 명칭은 이데일리 기사 인용)."
2017-11-28,2017년 12월 채권시장지표,2017-11-30,2,82,,,19,kofia-press-release,https://www.kofia.or.kr/npboard/m_18/view.do?nttId=118441&bbsId=BBSMSTR_000000000203,"인상 82.0%만 원문 보도(연합·머니투데이·아시아경제 동일). 기준금리 BMSI 19.0(전월 100.0) — 지수식상 동결 17.0/인하 1.0 유도 가능. 조사 11/15~20, 200명 대상, 11/30 금통위(실제 인상) 대상. 이 발표분부터 익월(12월) 명명으로 전환."
2018-01-17,2018년 1월 채권시장지표,2018-01-18,1,,99,,,kofia-press-release,https://www.kofia.or.kr/npboard/m_18/view.do?nttId=118835&bbsId=BBSMSTR_000000000203,동결 99.0%(1.50%)만 보도. 1/18 금통위 대상.
2018-02-23,"2018년 2월 기준금리 설문(공식 지표명 미확인, 2/23 발표)",2018-02-27,4,,93,,,news-article,http://v.daum.net/v/20180223161830868,"동결 93.0%(100명 중 93명). 조사 2/8~13, 74개 기관 100명, 2/27 금통위 대상. 뉴스1·파이낸셜뉴스 등 복수 보도. 금투협 게시판 검색 미노출로 공식 명칭 미확인."
2018-04-10,2018년 4월 채권시장지표(4/10 발표분),2018-04-12,2,11,89,0,89,news-article,http://v.daum.net/v/20180410103722757,"동결 89%·인상 11% 명시(파이낸셜뉴스), 합 100→인하 0 확정. 기준금리 BMSI 89.0(이데일리). 4/12 금통위 대상. 금투협 보도자료 nttId=119419에도 동결 89.0% 게재. 주의: 3/30 발표 동명 지표 기사(동결 47.2/인상 44)는 시장금리 문항 오인 보도로 확인(금리전망 BMSI 64.8과 정합) — 기준금리 수치 아님."
2018-05-21,"2018년 5월 기준금리 설문(공식 지표명 미확인, 5/21 발표)",2018-05-24,3,,93,,,news-article,http://v.daum.net/v/20180521143803679,"동결 93%(뉴시스·아시아경제·뉴스1·세계일보 등, 파이낸셜뉴스만 90%로 보도). 조사 5/8~11, 74개 기관 100명, 5/24 금통위 대상."
2018-07-10,2018년 7월 채권시장지표,2018-07-12,2,,89,,89,news-article,http://v.daum.net/v/20180710141710564,동결 89%. 기준금리 BMSI 89.0(전월 93.0) — 지수식상 인상 11.0/인하 0.0 유도 가능. 7/12 금통위 대상. 금투협 nttId=120035(본문은 첨부 HWP).
2018-08-29,2018년 9월 채권시장지표,2018-08-31,2,18,82,0,,news-article,http://v.daum.net/v/20180829145317000,동결 82%·인상 18%·인하 0% 모두 기사 명시(뉴스1). 8/31 금통위 대상. 발표는 8월 말이지만 명칭은 9월. 금투협 nttId=120381.
2018-10-16,2018년 11월 채권시장지표,2018-10-18,2,33,65,2,,news-article,http://v.daum.net/v/20181016130602951,"동결 65%·인상 33%·인하 2%(뉴시스). 전월 대비 인상 +15%p(전월 인상 18%/동결 82%). 조사 10/1~5, 75개 기관 100명, 10/18 금통위 대상. 금투협 nttId=120709."
2018-11-28,2018년 12월 채권시장지표,2018-11-30,2,79,21,0,,news-article,http://v.daum.net/v/20181128115439160,"인상 79%·동결 21%(뉴스1·연합·아시아경제), 합 100→인하 0. 조사 11/16~21, 106개 기관 200명, 11/30 금통위(실제 인상) 대상. 금투협 nttId=121010."
2019-01-22,2019년 2월 채권시장지표,2019-01-24,2,,99,,,news-article,http://v.daum.net/v/20190122115649395,"동결 99.0%. 조사 1/9~14, 104개 기관 200명, 1/24 금통위 대상. 금투협 nttId=121413(첨부 파일명 190122로 발표일 확인)."
2019-02-26,2019년 3월 채권시장지표,2019-02-28,2,0,100,0,,news-article,http://v.daum.net/v/20190226145007761,"동결 100%(응답자 전원→인상·인하 0 확정). 조사 2/18~21, 104개 기관 200명, 2/28 금통위 대상. 금투협 nttId=121623."
2019-03-29,2019년 4월 채권시장지표,2019-04-18,20,17,78,,88,news-article,http://v.daum.net/v/20190329112932352,"동결 78%·인상 17%(아시아경제), 기준금리 BMSI 88 — 지수식상 인하 5.0 유도 가능. 조사 3/18~21, 104개 기관 200명, 4/18 금통위 대상. 금투협 nttId=121831."
2019-04-16,2019년 5월 채권시장지표,2019-04-18,2,,97,,,news-article,http://v.daum.net/v/20190416102604425,동결 97%(뉴시스·헤럴드 등). 4/18 금통위 대상(발표 이틀 전). 104개 기관 200명. 금투협 nttId=121966.
2019-05-29,2019년 6월 채권시장지표,2019-05-31,2,,97,,,news-article,http://v.daum.net/v/20190529112312337,"동결 97%(연합·뉴스1·KBS 등). 104개 기관 200명, 5/31 금통위 대상. 금투협 nttId=122242."
2019-07-16,2019년 8월 채권시장지표,2019-07-18,2,0,70,30,,news-article,http://v.daum.net/v/20190716104248752,"동결 70%·인하 30% 명시(연합), 합 100→인상 0. 조사 7/3~8, 104개 기관 200명, 7/18 금통위(실제 인하) 대상. 7월 중순 발표분이 '8월 지표'로 명명되는 관행의 예. 익월 9월지표 원문의 '전월 기준금리 BMSI 130.0'(100+30-0)과 정합. 금투협 게시판 검색에는 미노출."
2019-08-28,2019년 9월 채권시장지표,2019-08-30,2,0,78,22,122,kofia-press-release,https://www.kofia.or.kr/npboard/m_18/view.do?nttId=122846&bbsId=BBSMSTR_000000000203,"동결 78.0%·인하 22.0% 원문 명시, 합 100→인상 0. 기준금리 BMSI 122.0(전월 130.0). 8/30 금통위 대상."
2019-10-15,2019년 11월 채권시장지표,2019-10-16,1,0,35,65,,news-article,http://v.daum.net/v/20191015105845138,"인하 65%·동결 35%(뉴스1·뉴시스), 합 100→인상 0. 조사 10/1~8, 56개 기관 200명 대상, 10/16 금통위(실제 인하) 대상. 금투협 nttId=123155."
2019-11-27,2019년 12월 채권시장지표,2019-11-29,2,,99,,,news-article,http://v.daum.net/v/20191127114316260,"동결 99%(뉴스1·서울경제). 96개 기관 200명, 11/29 금통위 대상. 금투협 nttId=123473."
2020-01-15,2020년 2월 채권시장지표(BMSI),2020-01-17,2,0,99,1,101,kofia-press-release,https://www.kofia.or.kr/npboard/m_18/view.do?nttId=123798&bbsId=BBSMSTR_000000000203,"1/17 금통위 대상. 동결 99%·인하 1% 원문 명시, 기준금리 BMSI 101.0(직전과 동일)."
2020-02-25,2020년 3월 채권시장지표(BMSI),2020-02-27,2,0,81,19,119,kofia-press-release,https://www.kofia.or.kr/npboard/m_18/view.do?nttId=124055&bbsId=BBSMSTR_000000000203,"2/27 금통위 대상. 동결 81%·인하 19% 원문 명시, 기준금리 BMSI 119.0(전월 101.0)."
2020-04-07,2020년 4월 채권시장지표(BMSI),2020-04-09,2,0,89,11,111,news-article,https://v.daum.net/v/20200407090720281,"4/9 금통위 대상(조사 3/25~31). 동결 89%는 뉴스1 명시, 기준금리 BMSI 111.0(직전 119.0)은 금투협 원문(nttId=124350) 확인. 인하 11%·인상 0%는 지수식(BMSI=100+인하-인상)과 합계 100%로 산술 확정. 코로나 위기로 3월 중순 정기 발표가 결번되고 4/7로 지연 발표."
2020-04-29,2020년 5월 채권시장지표(BMSI),2020-05-28,29,,,,,kofia-press-release,https://www.kofia.or.kr/npboard/m_18/view.do?nttId=124500&bbsId=BBSMSTR_000000000203,금투협 본문(종합 109.5)과 당일 보도(뉴스1 등) 모두 기준금리 문항 수치 없음. 이 시기 기준금리 문항은 금통위 직전 발표분에만 포함되는 관행(5/28 금통위는 5/26자 6월 지표가 담당).
2020-05-26,2020년 6월 채권시장지표(BMSI),2020-05-28,2,0,79,21,121,kofia-press-release,https://www.kofia.or.kr/npboard/m_18/view.do?nttId=124666&bbsId=BBSMSTR_000000000203,"5/28 금통위 대상. 동결 79%·인하 21%(직전 11%에서 증가) 원문 명시, 기준금리 BMSI 121.0."
2020-06-30,2020년 7월 채권시장지표(BMSI),2020-07-16,16,,,,,news-article,https://v.daum.net/v/20200630095413181,헤럴드경제 보도(종합 BMSI 104.4)에 기준금리 문항 없음. 7월 금통위(7/16)는 7/14자 8월 지표가 담당. 이 발표는 금투협 게시판 키워드 검색에 미노출.
2020-07-14,2020년 8월 채권시장지표(BMSI),2020-07-16,2,0,99,1,101,kofia-press-release,https://www.kofia.or.kr/npboard/m_18/view.do?nttId=125026&bbsId=BBSMSTR_000000000203,"7/16 금통위 대상(조사 7/2~8). 동결 99%·인하 1% 원문 명시, 기준금리 BMSI 101.0(직전 121.0)."
2020-08-25,2020년 9월 채권시장지표(BMSI),2020-08-27,2,0,99,1,101,kofia-press-release,https://www.kofia.or.kr/npboard/m_18/view.do?nttId=125297&bbsId=BBSMSTR_000000000203,"8/27 금통위 대상(조사 8/11~18). 동결 99%·인하 1% 원문 명시, 기준금리 BMSI 101.0(직전 101.0 보합)."
2020-10-12,2020년 10월 채권시장지표(BMSI),2020-10-14,2,0,100,0,100,kofia-press-release,https://www.kofia.or.kr/npboard/m_18/view.do?nttId=125605&bbsId=BBSMSTR_000000000203,"10/14 금통위 대상. 동결 100%(직전 99.0%) 원문 명시, 기준금리 BMSI 100.0. 이 발표는 발표월과 같은 달 이름(익월 명명 아님)."
2020-10-30,2020년 11월 채권시장지표(BMSI),2020-11-26,27,,,,,news-article,https://v.daum.net/v/20201030111908553,"연합뉴스 보도(종합 100.1, 조사 10/19~23)에 기준금리 문항 없음. 11월 금통위(11/26)는 11/24자 12월 지표가 담당. 금투협 게시판 키워드 검색에 미노출."
2020-11-24,2020년 12월 채권시장지표(BMSI),2020-11-26,2,2,98,0,98,kofia-press-release,https://www.kofia.or.kr/npboard/m_18/view.do?nttId=125917&bbsId=BBSMSTR_000000000203,"11/26 금통위 대상(조사 11/11~17). 동결 98%·인상 2% 원문 명시, 기준금리 BMSI 98.0(직전 100.0)."
2020-12-31,2021년 1월 채권시장지표(BMSI),2021-01-15,15,,,,,kofia-press-release,https://www.kofia.or.kr/npboard/m_18/view.do?nttId=126196&bbsId=BBSMSTR_000000000203,금투협 본문(종합 100.8)과 당일 보도(뉴스1·쿠키뉴스 등)에 기준금리 문항 수치 없음(금리전망·물가·환율만). 1월 금통위(1/15)는 1/13자 2월 지표가 담당.
2021-01-13,2021년 2월 채권시장지표(BMSI),2021-01-15,2,0,100,0,100,kofia-press-release,https://www.kofia.or.kr/npboard/m_18/view.do?nttId=126288&bbsId=BBSMSTR_000000000203,"1/15 금통위 대상. 동결 100% 원문 명시, 기준금리 BMSI 100.0(직전 98.0)."
2021-02-23,2021년 3월 채권시장지표(BMSI),2021-02-25,2,0,99,1,101,news-article,https://v.daum.net/v/20210223110831478,"2/25 금통위 대상(조사 2/8~15, 100명). 동결 99%와 기준금리 BMSI 101.0(직전 100.0)은 뉴스1 명시. 인하 1%·인상 0%는 지수식·합계 100%로 산술 확정. 금투협 게시판 키워드 검색에 미노출된 발표."
2021-04-13,2021년 4월 채권시장지표(BMSI),2021-04-15,2,0,100,0,,news-article,https://v.daum.net/v/20210413131746323,"4/15 금통위 대상(조사 3/31~4/6). 데일리안·서울경제 등 '응답 전문가 전원(100%) 동결 전망'. 금투협 원문은 nttId=126896(제목: 채권시장 전문가, 4월 금통위 기준금리 동결 전망)."
2021-04-30,2021년 5월 채권시장지표(BMSI),2021-05-27,27,,,,,kofia-press-release,https://www.kofia.or.kr/npboard/m_18/view.do?nttId=127016&bbsId=BBSMSTR_000000000203,"연합뉴스 본문 확인 결과 기준금리 문항 없음(조사 4/19~22, 종합 87.7). 5월 금통위(5/27)는 5/25자 6월 지표가 담당."
2021-05-25,2021년 6월 채권시장지표(BMSI),2021-05-27,2,2,98,0,98,news-article,https://v.daum.net/v/20210525102037469,"5/27 금통위 대상(100명 중 98명 동결·뉴스1). 인상 2%는 한국경제(5/26) 보도, 기준금리 BMSI 98.0은 차기 발표(7/13 뉴스1)의 직전값 언급으로 확인. 금투협 원문 nttId=127181."
2021-07-13,2021년 7월 채권시장지표(BMSI),2021-07-15,2,11,89,0,89,news-article,https://v.daum.net/v/20210713140115384,"7/15 금통위 대상(조사 6/30~7/5, 100명). 동결 89%·인상 11% 명시, 기준금리 BMSI 89.0(직전 98.0). 금투협 게시판 키워드 검색에 미노출된 발표."
2021-07-30,2021년 8월 채권시장지표(BMSI),2021-08-26,27,,,,,kofia-press-release,https://www.kofia.or.kr/npboard/m_18/view.do?nttId=127637&bbsId=BBSMSTR_000000000203,금투협 본문(종합 97.4)과 당일 보도 4건(연합·머니투데이·뉴시스·데일리안) 모두 기준금리 문항 수치 없음. 8월 금통위(8/26)는 8/24자 9월 지표가 담당.
2021-08-24,2021년 9월 채권시장지표(BMSI),2021-08-26,2,33,67,0,,news-article,https://v.daum.net/v/20210824101859163,"8/26 금통위 대상(조사 8/11~17, 100명). 뉴스1 제목·본문에 '동결 67%·인상 33%' 명시(이 회의에서 첫 인상 단행됨). 금투협 원문 nttId=127777."
2021-10-07,2021년 10월 채권시장지표(BMSI),2021-10-12,5,13,87,0,,news-article,https://v.daum.net/v/20211007100050728,10/12 금통위 대상(조사 9/27~30). 연합뉴스 '동결 87%·인상 13%' 명시. 금투협 원문 nttId=128041.
2021-11-01,2021년 11월 채권시장지표(BMSI),2021-11-25,24,,,,,kofia-press-release,https://www.kofia.or.kr/npboard/m_18/view.do?nttId=128205&bbsId=BBSMSTR_000000000203,"한국경제TV 본문 확인 결과 기준금리 문항 없음(조사 10/19~22, 종합 86.4). 11월 금통위(11/25)는 11/23자 12월 지표가 담당."
2021-11-23,2021년 12월 채권시장지표(BMSI),2021-11-25,2,90,10,0,,news-article,https://v.daum.net/v/20211123100612847,11/25 금통위 대상(100명). 연합뉴스 '인상 90%·동결 10%' 명시. 금투협 원문 nttId=128360(제목에 '기준금리 인상 기대심리 상승').
2021-12-28,2022년 1월 채권시장지표(BMSI),2022-01-14,17,,,,,news-article,https://v.daum.net/v/20211228101001461,"당일 보도(데일리안·아이뉴스24·아시아경제, 종합 87.9)에 기준금리 문항 없음(금리전망·물가만). 1월 금통위(1/14)는 1/12자 2월 지표가 담당. 금투협 게시판 키워드 검색에 미노출."
2022-01-12,2022년 2월 채권시장지표(BMSI),2022-01-14,2,43,57,0,,news-article,https://www.mt.co.kr/stock/2022/01/12/2022011210045964500,"1/14 금통위 대상(조사 12/31~1/5, 100명). 머니투데이 '동결 57명·인상 43명' 명시(금투협 원문 nttId=128713 제목에도 57% 동결). 인하 0은 합계 100%로 확정."
2022-02-22,2022년 3월 채권시장지표(BMSI),2022-02-24,2,12,88,0,,news-article,https://v.daum.net/v/20220222110741999,2/24 금통위 대상. 뉴시스 '동결 88%·인상 12%' 명시. 금투협 원문 nttId=128975(제목: 2월 금통위 기준금리 동결 전망).
2022-03-21,2022년 4월 채권시장지표(BMSI),2022-04-14,24,,,,,kofia-press-release,https://www.kofia.or.kr/npboard/m_18/view.do?nttId=129148&bbsId=BBSMSTR_000000000203,금투협 본문(종합 86.4)에 기준금리 수치 없음. SBS Biz가 '기준금리 유지 39%·인상 38%'로 보도했으나 이는 금리전망(시장금리) 문항(BMSI 85.0=100+하락23-상승38)과 일치해 기준금리 문항으로 볼 수 없어 미기재 처리. 4월 금통위(4/14)는 4/12자 5월 지표가 담당.
2022-04-12,2022년 5월 채권시장지표(BMSI),2022-04-14,2,50,50,0,50,news-article,https://v.daum.net/v/20220412170904183,"4/14 금통위 대상(조사 4/1~6, 100명). 노컷뉴스·파이낸셜뉴스 '인상 50%·동결 50%' 명시, 한국경제 '기준금리 BMSI 50' 확인. 공식 명칭 '2022년 5월 채권시장 지표'(한국경제 표기). 금투협 게시판 키워드 검색에 미노출."
2022-05-24,2022년 6월 채권시장지표(BMSI),2022-05-26,2,94,6,0,6,news-article,https://v.daum.net/v/20220524151702198,"5/26 금통위 대상(조사 5/13~18, 100명). 뉴시스 '인상 94%·동결 6%, 기준금리 BMSI 6.0' 명시. 금투협 원문 nttId=129586(제목: 시장참여자 94%가 인상 예상)."
2022-06-20,2022년 7월 채권시장지표(BMSI),2022-07-13,23,,,,,kofia-press-release,https://www.kofia.or.kr/npboard/m_18/view.do?nttId=129742&bbsId=BBSMSTR_000000000203,"뉴시스 본문 확인 결과 기준금리 문항 없음(조사 6/9~14, 종합 89.0 — 환율·시장금리·물가만). 7월 금통위(7/13)는 7/11자 8월 지표가 담당."
2022-07-11,2022년 8월 채권시장지표(BMSI),2022-07-13,2,99,1,0,1,news-article,https://v.daum.net/v/20220711110321749,"7/13 금통위 대상(조사 6/30~7/5, 100명). 뉴스1 '인상 99%, 기준금리 BMSI 1.0(직전 6.0)' 명시 — 인상 응답 중 50bp(빅스텝) 64%. 동결 1%·인하 0%는 지수식·합계로 확정. 금투협 원문 nttId=129887(제목: 99%가 인상 예상)."
2022-08-23,2022년 9월 채권시장지표(BMSI),2022-08-25,2,97,3,0,3,news-article,https://v.daum.net/v/20220823114035025,"8/25 금통위 대상(조사 8/11~17, 100명). 뉴스1 '인상 97%(25bp 91%·50bp 6%), 기준금리 BMSI 3.0(직전 1.0)' 명시. 동결 3%·인하 0%는 지수식·합계로 확정. 금투협 원문 nttId=130146."
2022-09-20,2022년 10월 채권시장지표(BMSI),2022-10-12,22,,,,,kofia-press-release,https://www.kofia.or.kr/npboard/m_18/view.do?nttId=130312&bbsId=BBSMSTR_000000000203,금투협 본문(종합 90.8)과 당일 보도에 기준금리 문항 없음(보도된 61%는 시장금리 상승 응답). 10월 금통위(10/12)는 10/7자 11월 지표가 담당.
2022-10-07,2022년 11월 채권시장지표(BMSI),2022-10-12,5,100,0,0,,kofia-press-release,https://www.kofia.or.kr/npboard/m_18/view.do?nttId=130421&bbsId=BBSMSTR_000000000203,10/12 금통위 대상(100명). 금투협 제목 '시장참여자 100%가 인상 예상' — 인상 응답 중 50bp 89%(뉴스1·이데일리·YTN). 동결·인하 0%는 100% 인상에 따른 확정값.
2022-11-22,2022년 12월 채권시장지표(BMSI),2022-11-24,2,99,,,,news-article,https://v.daum.net/v/20221122173646919,"11/24 금통위 대상(조사 11/11~16, 100명). 뉴스1·뉴시스 '인상 99%(25bp 70%·50bp 29%)' 명시. 잔여 1%가 동결인지 인하인지 원문·보도에 미명시라 -1 처리. 금투협 원문 nttId=130699."
2022-12-23,2023년 1월 채권시장지표(BMSI),2023-01-13,21,,,,,kofia-press-release,https://www.kofia.or.kr/npboard/m_18/view.do?nttId=130929&bbsId=BBSMSTR_000000000203,"금투협 본문(종합 99.0)과 당일 보도에 기준금리 문항 없음(보도된 38%는 시장금리 상승 응답). 1월 금통위(2023-01-13)는 2023-01-11자 발표(67% 25bp 인상, nttId=131060, 발표일 기준 담당 기간 외)가 담당."
2023-01-11,2023년 2월 채권시장지표(BMSI),2023-01-13,2,67,33,,33,kofia-press-release,https://www.kofia.or.kr/npboard/m_18/view.do?nttId=131060&bbsId=BBSMSTR_000000000203,"1/13 금통위 대상. 인상 67%(직전 99%), 인상 응답자 전원 25bp. 동결 33%는 차월(3월호) 보도자료의 '직전 33%' 표기로 확인한 금투협 공식 수치. 인하는 원문 미기재(인상+동결=100이므로 사실상 0). 보도자료 원문 HWP에서 직접 추출."
2023-02-21,2023년 3월 채권시장지표(BMSI),2023-02-23,2,34,66,,66,kofia-press-release,https://www.kofia.or.kr/npboard/m_18/view.do?nttId=131318&bbsId=BBSMSTR_000000000203,"2/23 금통위 대상. 동결 66%(직전 33%), 인상 34%(그중 25bp 97%·50bp 3%). 인하 미기재(합계 100이므로 사실상 0). 언론 확인: 데일리안 2023-02-21."
2023-04-07,2023년 5월 채권시장지표(BMSI),2023-04-11,4,17,83,,83,kofia-press-release,https://www.kofia.or.kr/npboard/m_18/view.do?nttId=131624&bbsId=BBSMSTR_000000000203,"4/11 금통위 대상. 동결 83%(직전 66%), 인상 17%(25bp 15%·50bp 1%·75bp 1%). 인하 미기재(사실상 0). 설문기간 3/29~4/3(머니투데이 2023-04-07 확인)."
2023-05-23,2023년 6월 채권시장지표(BMSI),2023-05-25,2,11,89,,89,kofia-press-release,https://www.kofia.or.kr/npboard/m_18/view.do?nttId=131931&bbsId=BBSMSTR_000000000203,"5/25 금통위 대상. 동결 89%(직전 83%), 인상 11%(전원 25bp). 인하 미기재(사실상 0)."
2023-07-11,2023년 8월 채권시장지표(BMSI),2023-07-13,2,7,93,,93,kofia-press-release,https://www.kofia.or.kr/npboard/m_18/view.do?nttId=132271&bbsId=BBSMSTR_000000000203,"7/13 금통위 대상. 동결 93%(직전 89%), 인상 7%(25bp). 인하 미기재(사실상 0)."
2023-08-22,2023년 9월 채권시장지표(BMSI),2023-08-24,2,8,92,,92,kofia-press-release,https://www.kofia.or.kr/npboard/m_18/view.do?nttId=132521&bbsId=BBSMSTR_000000000203,"8/24 금통위 대상. 동결 92%(직전 93%), 인상 8%(25bp). 인하 미기재(사실상 0)."
2023-10-17,2023년 11월 채권시장지표(BMSI),2023-10-19,2,10,90,,90,kofia-press-release,https://www.kofia.or.kr/npboard/m_18/view.do?nttId=132855&bbsId=BBSMSTR_000000000203,"10/19 금통위 대상. 동결 90%(직전 92%), 인상 10%(25bp). 인하 미기재(사실상 0)."
2023-11-28,2023년 12월 채권시장지표(BMSI),2023-11-30,2,1,96,3,102,kofia-press-release,https://www.kofia.or.kr/npboard/m_18/view.do?nttId=133125&bbsId=BBSMSTR_000000000203,"11/30 금통위 대상. 동결 96%(직전 90%), 인하 3%(직전 0%; 50bp 2%·25bp 1%), 인상 1%(직전 10%; 50bp). 이 조사부터 인하 응답 최초 등장."
2024-01-09,2024년 2월 채권시장지표(BMSI),2024-01-11,2,,98,2,102,kofia-press-release,https://www.kofia.or.kr/npboard/m_18/view.do?nttId=133417&bbsId=BBSMSTR_000000000203,"1/11 금통위 대상. 동결 98%(직전 96%), 인하 2%(25bp). 인상 미기재(동결+인하=100이므로 사실상 0)."
2024-02-20,2024년 3월 채권시장지표(BMSI),2024-02-22,2,0,100,0,100,kofia-press-release,https://www.kofia.or.kr/npboard/m_18/view.do?nttId=133682&bbsId=BBSMSTR_000000000203,2/22 금통위 대상. 동결 100%(직전 98%) '만장일치'로 명기. 차월호 각주 '3월 BMSI(동결 100%)'로 재확인.
2024-04-09,2024년 5월 채권시장지표(BMSI),2024-04-12,3,1,98,1,100,kofia-press-release,https://www.kofia.or.kr/npboard/m_18/view.do?nttId=133894&bbsId=BBSMSTR_000000000203,"4/12 금통위 대상. 동결 98%(직전 100%), 25bp 인하 1%, 25bp 인상 1%."
2024-05-21,2024년 6월 채권시장지표(BMSI),2024-05-23,2,,98,2,102,kofia-press-release,https://www.kofia.or.kr/npboard/m_18/view.do?nttId=134034&bbsId=BBSMSTR_000000000203,"5/23 금통위 대상. 동결 98%(직전 98%). 인하 2%(25bp 1%·50bp 1%)는 8월호 각주 '6월 BMSI(동결 98%, 25bp 인하 1%, 50bp 인하 1%)'로 확인한 금투협 공식 수치. 인상 미기재(사실상 0, 지수 102와 정합)."
2024-07-09,2024년 8월 채권시장지표(BMSI),2024-07-11,2,,99,1,101,kofia-press-release,https://www.kofia.or.kr/npboard/m_18/view.do?nttId=134211&bbsId=BBSMSTR_000000000203,"7/11 금통위 대상. 동결 99%(직전 98%), 인하 1%(25bp). 인상 미기재(사실상 0)."
2024-08-20,2024년 9월 채권시장지표(BMSI),2024-08-22,2,,90,10,110,kofia-press-release,https://www.kofia.or.kr/npboard/m_18/view.do?nttId=134352&bbsId=BBSMSTR_000000000203,"8/22 금통위 대상. 동결 90%(직전 99%), 인하 10%(25bp). 인상 미기재(사실상 0)."
2024-10-08,2024년 11월 채권시장지표(BMSI),2024-10-11,3,,36,64,164,kofia-press-release,https://www.kofia.or.kr/npboard/m_18/view.do?nttId=134542&bbsId=BBSMSTR_000000000203,"10/11 금통위 대상(인하 전환 직전). 인하 64%(직전 10%). 동결 36%는 12월호 각주 '11월 BMSI(동결 36%, 인하 64%)'로 확인한 금투협 공식 수치. 인상 미기재(사실상 0). 실제 10/11 금통위에서 25bp 인하 단행."
2024-11-26,2024년 12월 채권시장지표(BMSI),2024-11-28,2,,83,17,117,kofia-press-release,https://www.kofia.or.kr/npboard/m_18/view.do?nttId=134711&bbsId=BBSMSTR_000000000203,"11/28 금통위 대상. 동결 83%(직전 36%), 인하 17%(25bp). 인상 미기재(사실상 0). 실제 11/28 금통위는 예상과 달리 25bp 인하."
2025-01-14,2025년 2월 채권시장지표(BMSI),2025-01-16,2,0,60,40,,news-article,https://biz.heraldcorp.com/article/10389747,1월 금통위(1/16) 대상. 기사 원문 '채권 전문가 60%는 동결 예측... 응답자 40%는 25bp 인하'. 인상 0%는 60+40=100에 따른 것(기사에 인상 응답 언급 없음). 금투협 구게시판 원문: kofia.or.kr/npboard/m_18/view.do?nttId=134880. 뉴시스 NISX20250114_0003031337도 동일 보도.
2025-02-21,2025년 3월 채권시장지표(BMSI),2025-02-25,4,0,45,55,,kofia-press-release,https://www.kofia.or.kr/npboard/m_18/view.do?nttId=135008&bbsId=BBSMSTR_000000000203,2월 금통위(2/25) 대상. 보도자료 헤드라인 '시장참여자 55%가 인하 예상[전월대비 15% 증가]'(직전 40%와 정합). 동결 45%는 데일리안(dailian.co.kr/news/view/1464524) '나머지 45%는 동결' 확인 → 인상 0%.
2025-04-15,2025년 5월 채권시장지표(BMSI),2025-04-17,2,0,88,12,,news-article,https://www.thedailymoney.com/news/articleView.html?idxno=1109589,"4월 금통위(4/17) 대상. 기사 원문 '88%는 동결... 나머지 12%는 인하' → 인상 0%. 금투협 신게시판 seq=25(게시일 2025-04-16, 첨부 250415_보도자료)."
2025-05-27,2025년 6월 채권시장지표(BMSI),2025-05-29,2,0,31,69,,news-article,https://www.newspim.com/news/view/20250527000351,5월 금통위(5/29) 대상. 기사 원문 '69%는 인하... 31%는 동결' → 인상 0%. 금투협 신게시판 seq=67(페이지에 '69%가 인하 예상' 노출).
2025-07-08,2025년 8월 채권시장지표(BMSI),2025-07-10,2,0,93,7,,news-article,https://www.viva100.com/article/20250708501151,7월 금통위(7/10) 대상. 동결 93%(직전 조사 31% 대비 +62%p). 인하 7%는 2025-08-26 머니투데이 기사의 '인하 16%(직전 7%에서 증가)' 인용으로 확인 → 인상 0%(93+7=100). 금투협 seq=101.
2025-08-26,2025년 9월 채권시장지표(BMSI),2025-08-28,2,0,84,16,,news-article,https://www.mt.co.kr/stock/2025/08/26/2025082614032999622,"8월 금통위(8/28) 대상. 동결 84%, 인하 16%(직전 7%에서 증가) → 인상 0%(84+16=100). 뉴시스 NISX20250826_0003303319 동일. 금투협 seq=135."
2025-10-21,2025년 11월 채권시장지표(BMSI),2025-10-23,2,,85,,,news-article,https://www.news1.kr/finance/general-stock/5948091,10월 금통위(10/23) 대상. 동결 85%만 보도(잔여 15% 분해 미보도). 참고: 12월 지표 보도(대한금융신문)의 기준금리 BMSI 104.0(직전 대비 -11.0p)에서 직전(11월) 지수 115 역산 시 인하 15/인상 0 시사되나 원문 미기재라 -1 처리. 종합 BMSI 111.5.
2025-11-25,2025년 12월 채권시장지표(BMSI),2025-11-27,2,,96,,104,news-article,https://www.kbanker.co.kr/news/articleView.html?idxno=222728,"11월 금통위(11/27) 대상. 동결 96%(직전 85% 대비 상승), 기준금리 BMSI 104.0 명시. 104=100+인하-인상 → 인하 4/인상 0 시사되나 원문 미기재라 -1. 뉴시스 NISX20251125_0003416193 동일 96%."
2026-01-13,2026년 2월 채권시장지표(BMSI),2026-01-15,2,,96,,104,news-article,https://www.blockmedia.co.kr/archives/1031613,"1월 금통위(1/15) 대상. 조사 1/2~7. 동결 96%, 기준금리 BMSI 104.0(직전 조사와 동일) → 인하 4/인상 0 시사되나 원문 미기재라 -1. 녹색경제신문(greened.kr idxno=335545)도 96% 보도. 종합 BMSI 96.8. 금투협 seq=283."
2026-02-24,2026년 3월 채권시장지표(BMSI),2026-02-26,2,,99,,101,news-article,https://www.sedaily.com/article/20011934,"2월 금통위(2/26) 대상. 동결 99%, 기준금리 BMSI 101.0 → 잔여 1%는 인하(101=100+1-0) 시사되나 원문 미기재라 -1. 종합 BMSI 96.5. 금투협 seq=323."
2026-04-08,2026년 5월 채권시장지표(BMSI),2026-04-10,2,6,93,1,,news-article,https://www.sedaily.com/article/20029964,"4월 금통위(4/10) 대상. 기사 원문 '93%는 동결... 인상은 6%, 인하는 1%'. 일부 보도에 기준금리 BMSI 95(직전 101 대비 -6p) 언급되나 출처 특정 못 해 -1. 직전 조사 비교치가 99%(=3월 지표)인 점은 4월 지표(3/18)에 기준금리 문항이 없었음을 시사. 종합 BMSI 96.3. 금투협 seq=359."
2026-05-26,2026년 6월 채권시장지표(BMSI),2026-05-28,2,1,99,0,,news-article,https://www.mt.co.kr/stock/2026/05/26/2026052613392397443,"5월 금통위(5/28) 대상. 동결 99%(실측 앵커 일치). 인상 1%/인하 0%는 2026-07-14 8월 지표 보도들의 '직전 조사 인상 1%, 동결 99%' 인용으로 확정. 종합 BMSI 85.1(8월 지표 보도 기준 전월값). 금투협 seq=405. 뉴스1·조세일보·디지털타임스 동일 보도."
2026-07-14,2026년 8월 채권시장지표(BMSI),2026-07-16,2,66,34,0,,news-article,https://www.etoday.co.kr/news/view/2603395,"7월 금통위(7/16, 2.50→2.75 인상 단행) 대상. 조사 7/3~8. 인상 66%/동결 34%/인하 0%(실측 앵커 일치). 머니투데이(mt.co.kr/stock/2026/07/14/2026071410225581350)·시사저널 동일. 종합 BMSI 86.2. 금투협 seq=450."
